Workbook

Sheet Cover
B2: UNIT TEST CASE
A4: Project Name | B4: InterDev Platform | E4: Creator | F4: Codex
A5: Project Code | B5: INTERDEV | E5: Reviewer/Approver | F5: Pending review
A6: Document Code | B6: =B5&"_UTC_"&"v0.1" | E6: Issue Date | F6: 46110
E7: Version | F7: 0.1
A10: Record of change
A11: Effective Date | B11: Version | C11: Change Item | D11: *A,D,M | E11: Change description | F11: Reference
A12: 46110 | B12: 0.1 | C12: Initial clean preview workbook | D12: A | E12: Create clean InterDev-only sample workbook that references the external template style without reusing its project data | F12: Current codebase + executed Jest specs

Sheet Function List
E2: UNIT TEST CASE LIST
A4: Project Name | E4: InterDev Platform
A5: Project Code | E5: INTERDEV
A6: Normal number of Test cases/KLOC | E6: 300
A7: Test Environment Setup Description | E7: Source of truth: current InterDev NestJS server code and executed Jest specs.
A10: No | B10: Requirement Name | C10: Class Name | D10: Function Name | E10: Function Code(Optional) | F10: Sheet Name | G10: Description | H10: Pre-Condition
A11: 1 | B11: Contract Management | C11: ContractsController | D11: List Contracts | E11: CTRL-CONTRACTS-001 | F11: List Contracts | G11: GET /contracts/list | H11: Authenticated user
A12: 2 | B12: Milestone Funding | C12: PaymentsController | D12: Fund Milestone | E12: CTRL-PAYMENTS-001 | F12: Fund Milestone | G12: POST /payments/milestones/:milestoneId/fund | H12: Authenticated client user and milestone funding payload
A13: 3 | B13: Project Spec Review | C13: ProjectSpecsController | D13: Audit Spec | E13: CTRL-PROJECT-SPECS-001 | F13: Audit Spec | G13: POST /project-specs/:id/audit | H13: Authenticated admin/staff user with an auditable spec

Sheet Test Report
A2: UNIT TEST REPORT
A4: Project Name | B4: =Cover!B4 | D4: Creator | F4: Codex
A5: Project Code | B5: =Cover!B5 | D5: Reviewer/Approver | F5: Pending review
A6: Document Code | B6: =Cover!B5&"_Test Report_"&"v0.1" | D6: Issue Date | F6: 46110
B7: Preview report for a clean workbook that references template formatting only.
A11: No | B11: Function code | C11: Passed | D11: Failed | E11: Untested | F11: N | G11: A | H11: B | I11: Total Test Cases
A12: 1 | B12: CTRL-CONTRACTS-001 | C12: ='List Contracts'!A7 | D12: ='List Contracts'!C7 | E12: ='List Contracts'!F7 | F12: ='List Contracts'!L7 | G12: ='List Contracts'!M7 | H12: ='List Contracts'!N7 | I12: ='List Contracts'!O7
A13: 2 | B13: CTRL-PAYMENTS-001 | C13: ='Fund Milestone'!A7 | D13: ='Fund Milestone'!C7 | E13: ='Fund Milestone'!F7 | F13: ='Fund Milestone'!L7 | G13: ='Fund Milestone'!M7 | H13: ='Fund Milestone'!N7 | I13: ='Fund Milestone'!O7
A14: 3 | B14: CTRL-PROJECT-SPECS-001 | C14: ='Audit Spec'!A7 | D14: ='Audit Spec'!C7 | E14: ='Audit Spec'!F7 | F14: ='Audit Spec'!L7 | G14: ='Audit Spec'!M7 | H14: ='Audit Spec'!N7 | I14: ='Audit Spec'!O7
B16: Sub total | C16: =SUM(C12:C14) | D16: =SUM(D12:D14) | E16: =SUM(E12:E14) | F16: =SUM(F12:F14) | G16: =SUM(G12:G14) | H16: =SUM(H12:H14) | I16: =SUM(I12:I14)
B18: Test coverage | D18: =IF(I16=0,0,(C16+D16)*100/I16) | E18: %
B19: Test successful coverage | D19: =IF(I16=0,0,C16*100/I16) | E19: %
B20: Normal case | D20: =IF(I16=0,0,F16*100/I16) | E20: %
B21: Abnormal case | D21: =IF(I16=0,0,G16*100/I16) | E21: %
B22: Boundary case | D22: =IF(I16=0,0,H16*100/I16) | E22: %

Sheet List Contracts
A2: Function Code | C2: ='Function List'!E11 | F2: Function Name | L2: ='Function List'!D11
A3: Created By | C3: Codex | F3: Executed By | L3: Codex (Jest)
A4: Lines of code | C4: 4 | F4: Lack of test cases | L4: 0
A5: Test requirement | C5: Controller-level unit coverage for the authenticated contract list flow based on current InterDev NestJS code.
A6: Passed | C6: Failed | F6: Untested | L6: N/A/B | O6: Total Test Cases
A7: =COUNTIF(F23:HQ23,"P") | C7: =COUNTIF(F23:HQ23,"F") | F7: =SUM(O7,- A7,- C7) | L7: =COUNTIF(E22:HQ22,"N") | M7: =COUNTIF(E22:HQ22,"A") | N7: =COUNTIF(E22:HQ22,"B") | O7: =COUNTA(E9:HT9)
F9: UTCID01 | G9: UTCID02 | H9: UTCID03
A10: Condition | B10: Precondition / Input
D11: Authenticated user context available | F11: O | G11: O | H11: O
D12: Service returns one or more contracts | F12: O
D13: Service returns an empty array | G13: O
D14: Service throws an unexpected error | H14: O
A15: Confirm
D16: Return contract list for the authenticated user | F16: O
D17: Return empty array | G17: O
D19: Propagate service exception | H19: O
D21: contractsService.listByUser is called with user.id | F21: O | G21: O | H21: O
A22: Result | B22: Type(N : Normal, A : Abnormal, B : Boundary) | F22: N | G22: N | H22: A
B23: Passed/Failed | F23: P | G23: P | H23: P
B24: Executed Date | F24: 46110 | G24: 46110 | H24: 46110
B25: Defect ID

Sheet Fund Milestone
A2: Function Code | C2: ='Function List'!E12 | F2: Function Name | L2: ='Function List'!D12
A3: Created By | C3: Codex | F3: Executed By | L3: Codex (Jest)
A4: Lines of code | C4: 28 | F4: Lack of test cases | L4: 0
A5: Test requirement | C5: Controller-level unit coverage for milestone funding based on current InterDev NestJS code.
A6: Passed | C6: Failed | F6: Untested | L6: N/A/B | O6: Total Test Cases
A7: =COUNTIF(F23:HQ23,"P") | C7: =COUNTIF(F23:HQ23,"F") | F7: =SUM(O7,- A7,- C7) | L7: =COUNTIF(E22:HQ22,"N") | M7: =COUNTIF(E22:HQ22,"A") | N7: =COUNTIF(E22:HQ22,"B") | O7: =COUNTA(E9:HT9)
F9: UTCID01 | G9: UTCID02 | H9: UTCID03
A10: Condition | B10: Precondition / Input
D11: Authenticated user context available | F11: O | G11: O | H11: O
D12: Valid milestoneId, paymentMethodId, and gateway payload | F12: O | G12: O | H12: O
D13: Idempotency-Key header is missing | F13: O
D14: Idempotency-Key header is present | G14: O | H14: O
A15: Confirm
D16: Return { success: true, data: funding result } | G16: O
D19: Throw or propagate funding error when validation or service call fails | F19: O | H19: O
D21: milestoneFundingService.fundMilestone receives milestoneId, payerId, paymentMethodId, gateway, and idempotencyKey after header validation | G21: O | H21: O
A22: Result | B22: Type(N : Normal, A : Abnormal, B : Boundary) | F22: A | G22: N | H22: A
B23: Passed/Failed | F23: P | G23: P | H23: P
B24: Executed Date | F24: 46110 | G24: 46110 | H24: 46110
B25: Defect ID

Sheet Audit Spec
A2: Function Code | C2: ='Function List'!E13 | F2: Function Name | L2: ='Function List'!D13
A3: Created By | C3: Codex | F3: Executed By | L3: Codex (Jest)
A4: Lines of code | C4: 15 | F4: Lack of test cases | L4: 0
A5: Test requirement | C5: Controller-level unit coverage for spec audit dispatching based on current InterDev NestJS code.
A6: Passed | C6: Failed | F6: Untested | L6: N/A/B | O6: Total Test Cases
A7: =COUNTIF(F23:HQ23,"P") | C7: =COUNTIF(F23:HQ23,"F") | F7: =SUM(O7,- A7,- C7) | L7: =COUNTIF(E22:HQ22,"N") | M7: =COUNTIF(E22:HQ22,"A") | N7: =COUNTIF(E22:HQ22,"B") | O7: =COUNTA(E9:HT9)
F9: UTCID01 | G9: UTCID02 | H9: UTCID03
A10: Condition | B10: Precondition / Input
D11: Authenticated admin/staff user context available | F11: O | G11: O | H11: O
D12: auditDto.action = APPROVE | F12: O
D13: auditDto.action = REJECT with non-empty reason | G13: O
D14: auditDto.action = REJECT without reason | H14: O
A15: Confirm
D16: Call approveSpec and return approved result | F16: O
D17: Call rejectSpec with reason and return rejected result | G17: O
D19: Throw BadRequestException when REJECT is sent without reason | H19: O
D21: Only the matching service path is called for each action | F21: O | G21: O | H21: O
A22: Result | B22: Type(N : Normal, A : Abnormal, B : Boundary) | F22: N | G22: N | H22: A
B23: Passed/Failed | F23: P | G23: P | H23: P
B24: Executed Date | F24: 46110 | G24: 46110 | H24: 46110
B25: Defect ID
