Workbook
Name ACTION: #REF!

Sheet Guideline
A1: Guideline to make and understand Unit Test Case
A3: 1. Overview
A4: - In the template, Unit test cases are based on functions. Each sheet presents test cases for one function.
A5: - Cover: General information of the project and Unit Test cases
A6: - FunctionList: The list of Classes and Functions in the document. + To control that the number of Unit TC meets customer's requirement or the norm, user should fill value for 'Normal number of Test cases/KLOC'.
A7: + Click on Function link to open the related Test cases of the function. Note: You should create new Function sheet before creating the link
A8: - Test Report: provive the overview results of Functions Unit test: Test coverage, Test successful coverage (Summary, for normal/abnormal/boundary cases)
A9: Note: Should check the formula of "Sub Total" if you add more functions
A11: 2. Content in Test function sheet
A12: 2.1 Combination of test cases.
A13: - To verify that number of Unit TC meets customer's requirement or not. User has to fill number LOC of tested function and fill value of 'Normal number test cases/KLOC' item in FunctionList sheet, which is required by customer or normal value. The number of lacked TC is shown in 'Lack of test cases' item.
A14: - If the number of Unit TC does not meet the requirement, creator should explain the reasons.
... A47: - Test requirement: Brief description about requirements which are tested in this function, it is not mandatory.

Sheet Cover
B2: UNIT TEST CASE
A4: Project Name | B4: Edu Resource Management | E4: Creator | F4: Nguyễn Hữu Duy
A5: Project Code | B5: ERM | E5: Reviewer/Approver | F5: Nguyễn Chí Hậu
A6: Document Code | B6: =B5&"_"&"XXX"&"_"&"vx.x" | E6: Issue Date | F6: 45694
E7: Version | F7: 1.7
A10: Record of change
A11: Effective Date | B11: Version | C11: Change Item | D11: *A,D,M | E11: Change description | F11: Reference
A12: 45700 | B12: 1 | D12: A | E12: Add Test for Get All Room, Get Room Detail, Add Room, Update Room and Entry Excel To Room | F12: ERM_V.1
A13: 45700 | B13: 1.2 | D13: A | E13: Add Test for Get All Roles, Get Roles Detail, Add New Role, Update Role
A14: 45700 | B14: 1.3 | D14: A | E14: Add Test for Get Facilities, Get Facility By Id, Add New Facility, Update Facility, Get Available Facility, Get All Facilities
A15: 45702 | B15: 1.4 | D15: A | E15: Add Test for Get Room Facilities By Room Id, Get Room Facility Detail, Add New Room Facility, Update Room Facility and Delete Room Facility
A16: 45706 | B16: 1.5 | D16: A | E16: Add Test for Get User by Email, Get User by Usercode, Get All Users, Add New User, Edit Password, Get User Profile, Update User Profile, Change User Status, Entry Excel to User and Login
A17: 45708 | B17: 1.6 | D17: A | E17: Add Test Cases for Borrowing
A18: 45709 | B18: 1.7 | D18: A | E18: Add Test Cases for Permissions

Sheet Function List
E2: UNIT TEST CASE LIST
A4: Project Name | E4: Edu Resource Management
A5: Project Code | E5: ERM
A6: Normal number of Test cases/KLOC | E6: 300
A7: Test Environment Setup Description | E7: 1. SQL Server
A10: No | B10: Requirement Name | C10: Class Name | D10: Function Name | E10: Function Code(Optional) | F10: Sheet Name | G10: Description | H10: Pre-Condition
A11: 1 | C11: Room | D11: Get All Room | E11: Room - 1 | F11: Get All Room | G11: Get All Room with Detail | H11: Login as Authorize Account
A12: 2 | C12: Room | D12: Get Room Detail | E12: Room - 2 | F12: Get Room Detail | G12: Get Room Detail of One Room | H12: Login as Authorize Account
A13: 3 | C13: Room | D13: Add Room | E13: Room - 3 | F13: Add Room | G13: Add New Room | H13: Login as Authorize Account
A14: 4 | C14: Room | D14: Update Room | E14: Room - 4 | F14: Update Room | G14: Update Existing Room | H14: Login as Authorize Account
A15: 5 | C15: Room | D15: Entry Excel To Room | E15: Room - 5 | F15: Entry Excel To Room | G15: Entry Excel To Room | H15: Login as Authorize Account
A16: 6 | C16: Role | D16: Get All Role | E16: Role - 1 | F16: Get All Roles | G16: Get All Roles | H16: Login as Authorize Account
A17: 7 | C17: Role | D17: Get Role Detail | E17: Role - 2 | F17: Get Role Detail | G17: Get Role Detail | H17: Login as Authorize Account
A18: 8 | C18: Role | D18: Add New Role | E18: Role - 3 | F18: Add New Role | G18: Add New Role into Database | H18: Login as Authorize Account
A19: 9 | C19: Role | D19: Update Role | E19: Role - 4 | F19: Update Role | G19: Update Existing Role | H19: Login as Authorize Account
A20: 10 | C20: Facility | D20: Get Facilities | E20: Facility - 1 | F20: Get Facilities | G20: Get Facility List by Role id | H20: Login as Authorize Account
A21: 11 | C21: Facility | D21: Get Facility By Id | E21: Facility - 2 | F21: Get Facility By Id | G21: Get One Facility by Id | H21: Login as Authorize Account
A22: 12 | C22: Facility | D22: Add New Facility | E22: Facility - 3 | F22: Add New Facility | G22: Add New Facility | H22: Login as Authorize Account
... A49: 40 | C49: Permissions | D49: Get User Permission | E49: Permissions - 3 | F49: Get User Permission | G49: Get User's Permission | H49: Login as Authorize Account
A50: 41
A51: 42
A52: 43
A53: 44
A54: 45
A55: 46
A56: 47
A57: 48
A58: 49
A59: 50
A60: 51
A61: 52
... A73: 64
A74: 65 | B74: UC-20 View Contract | C74: ContractsController | D74: List Contracts | E74: EP-043 | F74: List Contracts | G74: GET /contracts/list | H74: Authenticated user
A75: 66 | B75: UC-38 Payment | C75: PaymentsController | D75: Fund Milestone | E75: EP-185 | F75: Fund Milestone | G75: POST /payments/milestones/:milestoneId/fund | H75: Authenticated client user and milestone payload
A76: 67 | B76: UC-25 View List Specs; UC-26 View Final Specs | C76: ProjectSpecsController | D76: Audit Spec | E76: EP-228 | F76: Audit Spec | G76: POST /project-specs/:id/audit | H76: Authenticated admin/staff user with a target spec

Sheet Test Report
A2: UNIT TEST REPORT
A4: Project Name | B4: =Cover!B4 | D4: Creator | F4: Nguyễn Hữu Duy
A5: Project Code | B5: =Cover!B5 | D5: Reviewer/Approver | F5: Nguyễn Hữu Duy
A6: Document Code | B6: =B5&"_"&"Test Report"&"_"&"v1.7" | D6: Issue Date | F6: 45695
A7: Notes
A11: No | B11: Function code | C11: Passed | D11: Failed | E11: Untested | F11: N | G11: A | H11: B | I11: Total Test Cases
A12: 1 | B12: Room - 1 | C12: ='Get All Room'!A7 | D12: ='Get All Room'!C7 | E12: ='Get All Room'!F7 | F12: ='Get All Room'!L7 | G12: ='Get All Room'!M7 | H12: ='Get All Room'!N7 | I12: ='Get All Room'!O7
A13: 2 | B13: Room - 2 | C13: ='Get Room Detail'!A7 | D13: ='Get Room Detail'!C7 | E13: ='Get Room Detail'!F7 | F13: ='Get Room Detail'!L7 | G13: ='Get Room Detail'!M7 | H13: ='Get Room Detail'!N7 | I13: ='Get Room Detail'!O7
A14: 3 | B14: Room - 3 | C14: ='Add Room'!A7 | D14: ='Add Room'!C7 | E14: ='Add Room'!F7 | F14: ='Add Room'!L7 | G14: ='Add Room'!M7 | H14: ='Add Room'!N7 | I14: ='Add Room'!O7
A15: 4 | B15: Room - 4 | C15: ='Update Room'!A7 | D15: ='Update Room'!C7 | E15: ='Update Room'!F7 | F15: ='Update Room'!L7 | G15: ='Update Room'!M7 | H15: ='Update Room'!N7 | I15: ='Update Room'!O7
A16: 5 | B16: Room - 5 | C16: ='Entry Excel To Room'!A7 | D16: ='Entry Excel To Room'!B7 | E16: ='Entry Excel To Room'!C7 | F16: ='Entry Excel To Room'!L7 | G16: ='Entry Excel To Room'!M7 | H16: ='Entry Excel To Room'!N7 | I16: ='Entry Excel To Room'!O7
A17: 6 | B17: Role - 1 | C17: ='Get All Roles'!A7 | D17: ='Get All Roles'!B7 | E17: ='Get All Roles'!C7 | F17: ='Get All Roles'!L7 | G17: ='Get All Roles'!M7 | H17: ='Get All Roles'!N7 | I17: ='Get All Roles'!O7
A18: 7 | B18: Role - 2 | C18: ='Get Role Detail'!A7 | D18: ='Get Role Detail'!B7 | E18: ='Get Role Detail'!C7 | F18: ='Get Role Detail'!L7 | G18: ='Get Role Detail'!M7 | H18: ='Get Role Detail'!N7 | I18: ='Get Role Detail'!O7
A19: 8 | B19: Role - 3 | C19: ='Add New Role'!A7 | D19: ='Add New Role'!B7 | E19: ='Add New Role'!C7 | F19: ='Add New Role'!L7 | G19: ='Add New Role'!M7 | H19: ='Add New Role'!N7 | I19: ='Add New Role'!O7
A20: 9 | B20: Role - 4 | C20: ='Update Role'!A7 | D20: ='Update Role'!B7 | E20: ='Update Role'!C7 | F20: ='Update Role'!L7 | G20: ='Update Role'!M7 | H20: ='Update Role'!N7 | I20: ='Update Role'!O7
A21: 10 | B21: Facility - 1 | C21: ='Get Facilities'!A7 | D21: ='Get Facilities'!B7 | E21: ='Get Facilities'!C7 | F21: ='Get Facilities'!L7 | G21: ='Get Facilities'!M7 | H21: ='Get Facilities'!N7 | I21: ='Get Facilities'!O7
A22: 11 | B22: Facility - 2 | C22: ='Get Facility By Id'!A7 | D22: ='Get Facility By Id'!B7 | E22: ='Get Facility By Id'!C7 | F22: ='Get Facility By Id'!L7 | G22: ='Get Facility By Id'!M7 | H22: ='Get Facility By Id'!N7 | I22: ='Get Facility By Id'!O7
A23: 12 | B23: Facility - 3 | C23: ='Add New Facility'!A7 | D23: ='Add New Facility'!B7 | E23: ='Add New Facility'!C7 | F23: ='Add New Facility'!L7 | G23: ='Add New Facility'!M7 | H23: ='Add New Facility'!N7 | I23: ='Add New Facility'!O7
A24: 13 | B24: Facility - 4 | C24: ='Update Facility'!A7 | D24: ='Update Facility'!B7 | E24: ='Update Facility'!C7 | F24: ='Update Facility'!L7 | G24: ='Update Facility'!M7 | H24: ='Update Facility'!N7 | I24: ='Update Facility'!O7
A25: 14 | B25: Facility - 5 | C25: ='Get Available Facilities'!A7 | D25: ='Get Available Facilities'!B7 | E25: ='Get Available Facilities'!C7 | F25: ='Get Available Facilities'!L7 | G25: ='Get Available Facilities'!M7 | H25: ='Get Available Facilities'!N7 | I25: ='Get Available Facilities'!O7
A26: 15 | B26: Facility - 6 | C26: ='Get All Facilities'!A7 | D26: ='Get All Facilities'!B7 | E26: ='Get All Facilities'!C7 | F26: ='Get All Facilities'!L7 | G26: ='Get All Facilities'!M7 | H26: ='Get All Facilities'!N7 | I26: ='Get All Facilities'!O7
A27: 16 | B27: RoomFacility - 1 | C27: ='Get Room Facilities By Room Id'!A7 | D27: ='Get Room Facilities By Room Id'!B7 | E27: ='Get Room Facilities By Room Id'!C7 | F27: ='Get Room Facilities By Room Id'!L7 | G27: ='Get Room Facilities By Room Id'!M7 | H27: ='Get Room Facilities By Room Id'!N7 | I27: ='Get Room Facilities By Room Id'!O7
A28: 17 | B28: RoomFacility - 2 | C28: ='Get Room Facility Detail'!A7 | D28: ='Get Room Facility Detail'!B7 | E28: ='Get Room Facility Detail'!C7 | F28: ='Get Room Facility Detail'!L7 | G28: ='Get Room Facility Detail'!M7 | H28: ='Get Room Facility Detail'!N7 | I28: ='Get Room Facility Detail'!O7
A29: 18 | B29: RoomFacility - 3 | C29: ='Add New Room Facility'!A7 | D29: ='Add New Room Facility'!B7 | E29: ='Add New Room Facility'!C7 | F29: ='Add New Room Facility'!L7 | G29: ='Add New Room Facility'!M7 | H29: ='Add New Room Facility'!N7 | I29: ='Add New Room Facility'!O7
A30: 19 | B30: RoomFacility - 4 | C30: ='Update Room Facility'!A7 | D30: ='Update Room Facility'!B7 | E30: ='Update Room Facility'!C7 | F30: ='Update Room Facility'!L7 | G30: ='Update Room Facility'!M7 | H30: ='Update Room Facility'!N7 | I30: ='Update Room Facility'!O7
A31: 20 | B31: RoomFacility - 5 | C31: ='Delete Room Facility'!A7 | D31: ='Delete Room Facility'!B7 | E31: ='Delete Room Facility'!C7 | F31: ='Delete Room Facility'!L7 | G31: ='Delete Room Facility'!M7 | H31: ='Delete Room Facility'!N7 | I31: ='Delete Room Facility'!O7
A32: 21 | B32: User - 1 | C32: ='Get User By Email'!A7 | D32: ='Get User By Email'!B7 | E32: ='Get User By Email'!C7 | F32: ='Get User By Email'!L7 | G32: ='Get User By Email'!M7 | H32: ='Get User By Email'!N7 | I32: ='Get User By Email'!O7
A33: 22 | B33: User - 2 | C33: ='Get All Users'!A7 | D33: ='Get All Users'!B7 | E33: ='Get All Users'!C7 | F33: ='Get All Users'!L7 | G33: ='Get All Users'!M7 | H33: ='Get All Users'!N7 | I33: ='Get All Users'!O7
A34: 23 | B34: User - 3 | C34: ='Add New User'!A7 | D34: ='Add New User'!B7 | E34: ='Add New User'!C7 | F34: ='Add New User'!L7 | G34: ='Add New User'!M7 | H34: ='Add New User'!N7 | I34: ='Add New User'!O7
A35: 24 | B35: User - 4 | C35: ='Edit Password'!A7 | D35: ='Edit Password'!B7 | E35: ='Edit Password'!C7 | F35: ='Edit Password'!L7 | G35: ='Edit Password'!M7 | H35: ='Edit Password'!N7 | I35: ='Edit Password'!O7
A36: 25 | B36: User - 5 | C36: ='Get User Profile'!A7 | D36: ='Get User Profile'!B7 | E36: ='Get User Profile'!C7 | F36: ='Get User Profile'!L7 | G36: ='Get User Profile'!M7 | H36: ='Get User Profile'!N7 | I36: ='Get User Profile'!O7
A37: 26 | B37: User - 6 | C37: ='Change User Status'!A7 | D37: ='Change User Status'!B7 | E37: ='Change User Status'!C7 | F37: ='Change User Status'!L7 | G37: ='Change User Status'!M7 | H37: ='Change User Status'!N7 | I37: ='Change User Status'!O7
A38: 27 | B38: User - 7 | C38: ='Update User Profile'!A7 | D38: ='Update User Profile'!B7 | E38: ='Update User Profile'!C7 | F38: ='Update User Profile'!L7 | G38: ='Update User Profile'!M7 | H38: ='Update User Profile'!N7 | I38: ='Update User Profile'!O7
A39: 28 | B39: User - 8 | C39: ='Entry Excel To User'!A7 | D39: ='Entry Excel To User'!B7 | E39: ='Entry Excel To User'!C7 | F39: ='Entry Excel To User'!L7 | G39: ='Entry Excel To User'!M7 | H39: ='Entry Excel To User'!N7 | I39: ='Entry Excel To User'!O7
A40: 29 | B40: User - 9 | C40: ='Get User By Usercode'!A7 | D40: ='Get User By Usercode'!B7 | E40: ='Get User By Usercode'!C7 | F40: ='Get User By Usercode'!L7 | G40: ='Get User By Usercode'!M7 | H40: ='Get User By Usercode'!N7 | I40: ='Get User By Usercode'!O7
A41: 30 | B41: User - 10 | C41: =Login!A7 | D41: =Login!B7 | E41: =Login!C7 | F41: =Login!L7 | G41: =Login!M7 | H41: =Login!N7 | I41: =Login!O7
A42: 31 | B42: Borrowing - 1 | C42: ='Create Borrow Request'!A6 | D42: ='Create Borrow Request'!B6 | E42: ='Create Borrow Request'!C6 | F42: ='Create Borrow Request'!L6 | G42: ='Create Borrow Request'!M6 | H42: ='Create Borrow Request'!N6 | I42: ='Create Borrow Request'!O6
A43: 32 | B43: Borrowing - 2 | C43: ='Get Personal Borrowing'!A7 | D43: ='Get Personal Borrowing'!B7 | E43: ='Get Personal Borrowing'!C7 | F43: ='Get Personal Borrowing'!L7 | G43: ='Get Personal Borrowing'!M7 | H43: ='Get Personal Borrowing'!N7 | I43: ='Get Personal Borrowing'!O7
A44: 33 | B44: Borrowing - 3 | C44: ='Get Borrow List For Department'!A7 | D44: ='Get Borrow List For Department'!B7 | E44: ='Get Borrow List For Department'!C7 | F44: ='Get Borrow List For Department'!L7 | G44: ='Get Borrow List For Department'!M7 | H44: ='Get Borrow List For Department'!N7 | I44: ='Get Borrow List For Department'!O7
A45: 34 | B45: Borrowing - 4 | C45: ='Get Important Borrowing'!A7 | D45: ='Get Important Borrowing'!B7 | E45: ='Get Important Borrowing'!C7 | F45: ='Get Important Borrowing'!L7 | G45: ='Get Important Borrowing'!M7 | H45: ='Get Important Borrowing'!N7 | I45: ='Get Important Borrowing'!O7
A46: 35 | B46: Borrowing - 5 | C46: ='Get Borrowing Detail'!A7 | D46: ='Get Borrowing Detail'!B7 | E46: ='Get Borrowing Detail'!C7 | F46: ='Get Borrowing Detail'!K7 | G46: ='Get Borrowing Detail'!L7 | H46: ='Get Borrowing Detail'!M7 | I46: ='Get Borrowing Detail'!N7
A47: 36 | B47: Borrowing - 6 | C47: ='Change Borrow Status'!A7 | D47: ='Change Borrow Status'!B7 | E47: ='Change Borrow Status'!C7 | F47: ='Change Borrow Status'!L7 | G47: ='Change Borrow Status'!M7 | H47: ='Change Borrow Status'!N7 | I47: ='Change Borrow Status'!O7
A48: 37 | B48: Permissions - 1 | C48: ='Get HashSet Permissions'!A7 | D48: ='Get HashSet Permissions'!B7 | E48: ='Get HashSet Permissions'!C7 | F48: ='Get HashSet Permissions'!K7 | G48: ='Get HashSet Permissions'!L7 | H48: ='Get HashSet Permissions'!M7 | I48: ='Get HashSet Permissions'!N7
A49: 38 | B49: Permissions - 2 | C49: ='Get Permissions'!A7 | D49: ='Get Permissions'!B7 | E49: ='Get Permissions'!C7 | F49: ='Get Permissions'!K7 | G49: ='Get Permissions'!L7 | H49: ='Get Permissions'!M7 | I49: ='Get Permissions'!N7
A50: 39 | B50: Permissions - 3 | C50: ='Get User with Permissions'!A7 | D50: ='Get User with Permissions'!B7 | E50: ='Get User with Permissions'!C7 | F50: ='Get User with Permissions'!K7 | G50: ='Get User with Permissions'!L7 | H50: ='Get User with Permissions'!M7 | I50: ='Get User with Permissions'!N7
A51: 40
A52: 41
A53: 42
A54: 43
A55: 44 | B55: 'GetReportFacility by Department'!A1
A56: 45
A57: 46
A58: 47
A59: 48
A60: 49
A61: 50
A62: 51
A63: 52
A64: 53
A65: 54
A66: 55
A67: 56
... A69: 58
B96: Sub total | C96: =SUM(C10:C95) | D96: =SUM(D10:D95) | E96: =SUM(E10:E95) | F96: =SUM(F10:F95) | G96: =SUM(G10:G95) | H96: =SUM(H10:H95) | I96: =SUM(I10:I95)
B98: Test coverage | D98: =(C96+D96)*100/(I96) | E98: %
B99: Test successful coverage | D99: =C96*100/(I96) | E99: %
B100: Normal case | D100: =F96*100/I96 | E100: %
B101: Abnormal case | D101: =G96*100/I96 | E101: %
B102: Boundary case | D102: =H96*100/I96 | E102: %

Sheet Get All Room
A2: Function Code | C2: ='Function List'!E11 | F2: Function Name | L2: ='Function List'!D11
A3: Created By | C3: Nguyễn Hữu Duy | F3: Executed By | L3: Nguyễn Hữu Duy
A4: Lines of code | C4: 100 | F4: Lack of test cases | L4: 0
A5: Test requirement | C5: <Brief description about requirements which are tested in this function>
A6: Passed | C6: Failed | F6: Untested | L6: N/A/B | O6: Total Test Cases
A7: =COUNTIF(F23:HQ23,"P") | C7: =COUNTIF(F23:HQ23,"F") | F7: =SUM(O7,- A7,- C7) | L7: =COUNTIF(E22:HQ22,"N") | M7: =COUNTIF(E22:HQ22,"A") | N7: =COUNTIF(E22:HQ22,"B") | O7: =COUNTA(E9:HT9)
F9: UTCID01 | G9: UTCID02 | H9: UTCID03
A10: Condition | B10: Precondition
D11: Can connect with SQL Server | F11: O | G11: O
D12: Login with Authorize Account | F12: O | G12: O | H12: O
D13: No Entry In Database | G13: O
D14: Room Entry In Database | F14: O | H14: O
A15: Confirm | B15: Return
D16: Room List | F16: O
D17: Null | G17: O
B18: Exception
D19: InvalidOperationException | H19: O
B20: Exception
D21: "Database error" | H21: O
A22: Result | B22: Type(N : Normal, A : Abnormal, B : Boundary) | F22: N | G22: N | H22: A
B23: Passed/Failed | F23: P | G23: P | H23: P
B24: Executed Date | F24: 45700 | G24: 45700 | H24: 45700
B25: Defect ID

Sheet Get All Users
A2: Function Code | C2: User - 2 | F2: Function Name | L2: Get All Users
A3: Created By | C3: Nguyễn Hữu Duy | F3: Executed By | L3: Nguyễn Hữu Duy
A4: Lines of code | C4: 93 | F4: Lack of test cases | L4: 0
A5: Test requirement | C5: <Brief description about requirements which are tested in this function>
A6: Passed | C6: Failed | F6: Untested | L6: N/A/B | O6: Total Test Cases
A7: =COUNTIF(F23:HQ23,"P") | C7: =COUNTIF(F23:HQ23,"F") | F7: =SUM(O7,- A7,- C7) | L7: =COUNTIF(E22:HQ22,"N") | M7: =COUNTIF(E22:HQ22,"A") | N7: =COUNTIF(E22:HQ22,"B") | O7: =COUNTA(E9:HT9)
F9: UTCID01 | G9: UTCID02 | H9: UTCID03
A10: Condition | B10: Precondition
D11: Can connect with SQL Server | F11: O | G11: O
D12: Login with Authorize Account | F12: O | G12: O | H12: O
D13: No Entry In Database | G13: O
D14: Users Entry In Database | F14: O | H14: O
A15: Confirm | B15: Return
D16: User List | F16: O
D17: Null | G17: O
B18: Exception
D19: InvalidOperationException | H19: O
B20: Exception
D21: "Database error" | H21: O
A22: Result | B22: Type(N : Normal, A : Abnormal, B : Boundary) | F22: N | G22: N | H22: A
B23: Passed/Failed | F23: P | G23: P | H23: P
B24: Executed Date | F24: 45706 | G24: 45706 | H24: 45706
B25: Defect ID

Sheet Get Room Detail
A2: Function Code | C2: ='Function List'!E12 | F2: Function Name | L2: ='Function List'!D12
A3: Created By | C3: Nguyễn Hữu Duy | F3: Executed By | L3: Nguyễn Hữu Duy
A4: Lines of code | C4: 150 | F4: Lack of test cases | L4: =U5
A5: Test requirement | C5: Get Detail Successfully
A6: Passed | C6: Failed | F6: Untested | L6: N/A/B | O6: Total Test Cases
A7: =COUNTIF(F28:HQ28,"P") | C7: =COUNTIF(F28:HQ28,"F") | F7: =SUM(O7,- A7,- C7) | L7: =COUNTIF(E27:HQ27,"N") | M7: =COUNTIF(E27:HQ27,"A") | N7: =COUNTIF(E27:HQ27,"B") | O7: =COUNTA(E9:HT9)
F9: UTCID01 | G9: UTCID02 | H9: UTCID03 | I9: UTCID04
A10: Condition | B10: Precondition
D11: Can connect with SQL Server | F11: O | G11: O | H11: O | I11: O
D12: Login with Authorize Account | F12: O | G12: O | H12: O | I12: O
D13: Room Code Exist | F13: O | G13: O | H13: O
D14: Room Code Doesn't Exist | I14: O
B15: RoomCode
D16: "A101" | F16: O
D17: "" | G17: O
D18: "B202" | H18: O
D19: "Z999" | I19: O
A20: Confirm | B20: Return
D21: Room Detail | F21: O
D22: Null | G22: O | I22: O
B23: Exception
D24: InvalidOperationException | H24: O
B25: Log Message
D26: "Database error" | H26: O
A27: Result | B27: Type(N : Normal, A : Abnormal, B : Boundary) | F27: N | G27: N | H27: A | I27: N
B28: Passed/Failed | F28: P | G28: P | H28: P | I28: P
B29: Executed Date | F29: 45700 | G29: 45700 | H29: 45700 | I29: 45700
B30: Defect ID

Sheet Add Room
A2: Function Code | C2: ='Function List'!E13 | F2: Function Name | L2: ='Function List'!D13
A3: Created By | C3: Nguyễn Hữu Duy | F3: Executed By | L3: Nguyễn Hữu Duy
A4: Lines of code | C4: 160 | F4: Lack of test cases | L4: 0
A5: Test requirement
A6: Passed | C6: Failed | F6: Untested | L6: N/A/B | O6: Total Test Cases
A7: =COUNTIF(F38:HQ38,"P") | C7: =COUNTIF(F38:HQ38,"F") | F7: =SUM(O7,- A7,- C7) | L7: =COUNTIF(E37:HQ37,"N") | M7: =COUNTIF(E37:HQ37,"A") | N7: =COUNTIF(E37:HQ37,"B") | O7: =COUNTA(E9:HT9)
F9: UTCID01 | G9: UTCID02 | H9: UTCID03 | I9: UTCID04 | J9: UTCID05 | K9: UTCID06
A10: Condition | B10: Precondition
D11: Can connect with SQL Server | F11: O | G11: O | H11: O | I11: O | J11: O
D12: Login with Authorize Account | F12: O | G12: O | H12: O | I12: O | J12: O | K12: O
B13: BuildingId
D14: 1 | F14: O | H14: O | J14: O | K14: O
D15: 0 | I15: O
D16: null | G16: O
B17: RoomCode
D18: "A101" | F18: O | J18: O | K18: O
D19: "B200" | I19: O
D20: "" | G20: O | H20: O
B21: Description
D22: "Valid room description" | F22: O
D23: "Invalid room code" | H23: O
D24: "Invalid building ID" | I24: O
D25: "Sample room" | K25: O
D26: null | G26: O | J26: O
A27: Confirm | B27: Return
D28: T | F28: O
D29: F | G29: O | H29: O | I29: O | J29: O
B30: Exception
D31: InvalidOperationException | K31: O
B32: Log message
D33: "Expected AddNewRoom to return false for an empty RoomCode." | H33: O
D34: Expected AddNewRoom to return false for a BuildingId of 0. | I34: O
D35: "Expected AddNewRoom to return false when Description is null." | J35: O
D36: "Database insert error" | K36: O
A37: Result | B37: Type(N : Normal, A : Abnormal, B : Boundary) | F37: N | G37: A | H37: A | I37: A | J37: A | K37: A
B38: Passed/Failed | F38: P | G38: P | H38: P | I38: P | J38: P | K38: P
B39: Executed Date | F39: 45700 | G39: 45700 | H39: 45700 | I39: 45700 | J39: 45700 | K39: 45700
B40: Defect ID

Sheet Update Room
A2: Function Code | C2: Room - 4 | F2: Function Name | L2: Update Room
A3: Created By | C3: Nguyễn Hữu Duy | F3: Executed By | L3: Nguyễn Hữu Duy
A4: Lines of code | C4: 200 | F4: Lack of test cases | L4: 0
A5: Test requirement
A6: Passed | C6: Failed | F6: Untested | L6: N/A/B | O6: Total Test Cases
A7: =COUNTIF(F36:HQ36,"P") | C7: =COUNTIF(F37:HQ37,"F") | F7: =SUM(O7,- A7,- C7) | L7: =COUNTIF(E35:HQ35,"N") | M7: =COUNTIF(E35:HQ35,"A") | N7: =COUNTIF(E35:HQ35,"B") | O7: =COUNTA(E9:HT9)
F9: UTCID01 | G9: UTCID02 | H9: UTCID03 | I9: UTCID04 | J9: UTCID05
A10: Condition | B10: Precondition
D11: Can connect with SQL Server | F11: O | G11: O | H11: O | I11: O | J11: O
D12: Login with Authorize Account | F12: O | G12: O | H12: O | I12: O | J12: O
B13: RoomId
D14: Guid.NewGuid | F14: O | H14: O | I14: O | J14: O
D15: null | G15: O
B16: Status
D17: 1 | F17: O | I17: O | J17: O
D18: -1 | H18: O
D19: null | G19: O
B20: Description
D21: "Description1" | F21: O | H21: O | J21: O
D22: null | G22: O | I22: O
A23: Confirm | B23: Return
D24: T | F24: O
D25: F | G25: O | H25: O | I25: O | J25: O
B26: Exception
D27: InvalidOperationException
B28: Log message
D29: "Expected true for a successful update." | F29: O
D30: "Expected false when provided room is null." | G30: O
D31: "Expected false for invalid status." | H31: O
D32: "Expected false for invalid description." | I32: O
D33: "Database error" | J33: O
A35: Result | B35: Type(N : Normal, A : Abnormal, B : Boundary) | F35: N | G35: A | H35: A | I35: A | J35: A
B36: Passed/Failed | F36: P | G36: P | H36: P | I36: P | J36: P
B37: Executed Date | F37: 45700 | G37: 45700 | H37: 45700 | I37: 45700 | J37: 45700
B38: Defect ID

Sheet Entry Excel To Room
A2: Function Code | C2: Room - 4 | F2: Function Name | L2: Entry Excel to Room
A3: Created By | C3: Nguyễn Hữu Duy | F3: Executed By | L3: Nguyễn Hữu Duy
A4: Lines of code | C4: 100 | F4: Lack of test cases | L4: 0
A5: Test requirement
A6: Passed | C6: Failed | F6: Untested | L6: N/A/B | O6: Total Test Cases
A7: =COUNTIF(F28:HQ28,"P") | C7: =COUNTIF(F29:HQ29,"F") | F7: =SUM(O7,- A7,- C7) | L7: =COUNTIF(E27:HQ27,"N") | M7: =COUNTIF(E27:HQ27,"A") | N7: =COUNTIF(E27:HQ27,"B") | O7: =COUNTA(E9:HT9)
F9: UTCID01 | G9: UTCID02 | H9: UTCID03 | I9: UTCID04
A10: Condition | B10: Precondition
D11: Can connect with SQL Server | F11: O | G11: O | H11: O | I11: O
D12: Login with Authorize Account | F12: O | G12: O | H12: O | I12: O
B13: filePath
D14: "C:\Temp\rooms.xlsx" | F14: O | I14: O
D15: "C:\Temp\rooms.txt" | H15: O
D16: null | G16: O
A17: Confirm | B17: Return
D18: T | F18: O
D19: F | G19: O | H19: O | I19: O
B20: Exception
D21: IOException | I21: O
B22: Log message
D23: "Expected true when a valid file path is provided." | F23: O
D24: "Expected false when a null file path is provided." | G24: O
D25: "Expected false when an unsupported file format is provided." | H25: O
D26: "Failed to read file" | I26: O
A27: Result | B27: Type(N : Normal, A : Abnormal, B : Boundary) | F27: N | G27: A | H27: A | I27: A
B28: Passed/Failed | F28: P | G28: P | H28: P | I28: P
B29: Executed Date | F29: 45700 | G29: 45700 | H29: 45700 | I29: 45700
B30: Defect ID

Sheet Get All Roles
A2: Function Code | C2: Role - 1 | F2: Function Name | L2: Get All Role
A3: Created By | C3: Nguyễn Chí Hậu | F3: Executed By | L3: Nguyễn Chí Hậu
A4: Lines of code | C4: 100 | F4: Lack of test cases | L4: 0
A5: Test requirement
A6: Passed | C6: Failed | F6: Untested | L6: N/A/B | O6: Total Test Cases
A7: =COUNTIF(F23:HQ23,"P") | C7: =COUNTIF(F24:HQ24,"F") | F7: =SUM(O7,- A7,- C7) | L7: =COUNTIF(E22:HQ22,"N") | M7: =COUNTIF(E22:HQ22,"A") | N7: =COUNTIF(E22:HQ22,"B") | O7: =COUNTA(E9:HT9)
F9: UTCID01 | G9: UTCID02 | H9: UTCID03
A10: Condition | B10: Precondition
D11: Can connect with SQL Server | F11: O | G11: O
D12: Login with Authorize Account | F12: O | G12: O | H12: O
D13: Have Entry in Database | F13: O
D14: No Entry in Database | G14: O
A15: Confirm | B15: Return
D16: Role List | F16: O
D17: Null | G17: O
B18: Exception
D19: InvalidOperationException | H19: O
B20: Log message
D21: "Database query error" | H21: O
A22: Result | B22: Type(N : Normal, A : Abnormal, B : Boundary) | F22: N | G22: A | H22: A
B23: Passed/Failed | F23: P | G23: P | H23: P
B24: Executed Date | F24: 45695 | G24: 45695 | H24: 45695
B25: Defect ID

Sheet Get Role Detail
A2: Function Code | C2: Role - 2 | F2: Function Name | L2: Get Role Detail
A3: Created By | C3: Nguyễn Chí Hậu | F3: Executed By | L3: Nguyễn Chí Hậu
A4: Lines of code | C4: 100 | F4: Lack of test cases | L4: 0
A5: Test requirement
A6: Passed | C6: Failed | F6: Untested | L6: N/A/B | O6: Total Test Cases
A7: =COUNTIF(F27:HQ27,"P") | C7: =COUNTIF(F28:HQ28,"F") | F7: =SUM(O7,- A7,- C7) | L7: =COUNTIF(E26:HQ276,"N") | M7: =COUNTIF(E26:HQ26,"A") | N7: =COUNTIF(E26:HQ26,"B") | O7: =COUNTA(E9:HT9)
F9: UTCID01 | G9: UTCID02 | H9: UTCID03 | I9: UTCID04
A10: Condition | B10: Precondition
D11: Can connect with SQL Server | F11: O | H11: O | I11: O
D12: Login with Authorize Account | F12: O | G12: O | H12: O | I12: O
D13: Have Entry in Database | F13: O | I13: O
D14: No Entry in Database | H14: O
B15: roleId
D16: 1 | F16: O | G16: O
D17: 9999 | H17: O
D18: 0 | I18: O
A19: Confirm | B19: Return
D20: Role Detail by the RoleId | F20: O
D21: Null | H21: O | I21: O
B22: Exception
D23: InvalidOperationException | G23: O
B24: Log message
D25: "Database error" | G25: O
A26: Result | B26: Type(N : Normal, A : Abnormal, B : Boundary) | F26: N | G26: A | H26: N | I26: N
B27: Passed/Failed | F27: P | G27: P | H27: P | I27: P
B28: Executed Date | F28: 45695 | G28: 45695 | H28: 45695 | I28: 45695
B29: Defect ID

Sheet Add New Role
A2: Function Code | C2: Role - 3 | F2: Function Name | L2: Add New Role
A3: Created By | C3: Nguyễn Chí Hậu | F3: Executed By | L3: Nguyễn Chí Hậu
A4: Lines of code | C4: 100 | F4: Lack of test cases | L4: 0
A5: Test requirement
A6: Passed | C6: Failed | F6: Untested | L6: N/A/B | O6: Total Test Cases
A7: =COUNTIF(F51:HQ51,"P") | C7: =COUNTIF(F52:HQ52,"F") | F7: =SUM(O7,- A7,- C7) | L7: =COUNTIF(E50:HQ50,"N") | M7: =COUNTIF(E50:HQ50,"A") | N7: =COUNTIF(E50:HQ50,"B") | O7: =COUNTA(E9:HT9)
F9: UTCID01 | G9: UTCID02 | H9: UTCID03 | I9: UTCID04 | J9: UTCID05 | K9: UTCID06 | L9: UTCID07 | M9: UTCID08 | N9: UTCID09 | O9: UTCID10 | P9: UTCID11
A10: Condition | B10: Precondition
D11: Can connect with SQL Server | F11: O | G11: O | H11: O | I11: O | J11: O | L11: O | M11: O | N11: O
D12: Login with Authorize Account | F12: O | G12: O | H12: O | I12: O | J12: O | K12: O | L12: O | M12: O | N12: O
B13: RoleName
D14: "Admin" | F14: O | I14: O | O14: O | P14: O
D15: null | G15: O | H15: O
D16: "Support" | J16: O
D17: "DatabaseFail" | K17: O
D18: "Viewer" | L18: O
D19: 25 characters string | M19: O
D20: 26 characters string | N20: O
B21: RoleDescription
D22: "Administrator Role" | F22: O | M22: O | N22: O
D23: null | G23: O | I23: O
D24: "Test description" | H24: O
D25: "Support role" | J25: O
D26: "Test for exception scenario" | K26: O
D27: "Role with no explicit permissions" | L27: O
D28: 50 characters string | O28: O
D29: 51 characters string | P29: O
B30: Permissions
D31: { 101, 102 } | F31: O | M31: O | N31: O | O31: O | P31: O
D32: null | G32: O
D33: { 101 } | H33: O | I33: O
D34: { 301, 302 } | J34: O
D35: { 999 } | K35: O
D36: {} | L36: O
A37: Confirm | B37: Return
D38: T | F38: O | M38: O | O38: O
D39: F | G39: O | H39: O | I39: O | J39: O | L39: O | N39: O | P39: O
B40: Exception
D41: InvalidOperationException | K41: O
B42: Log message
D43: "Expected AddNewRole to return true for a valid role." | F43: O
D44: "Expected false for a null role DTO." | G44: O
D45: "Expected false when RoleName is empty." | H45: O
D46: "Expected false when RoleDescription is empty." | I46: O
D47: "Expected false because permissions failed to insert." | J47: O
D48: "Simulated DB error" | K48: O
D49: "Expected false when a role can have zero permissions." | L49: O
A50: Result | B50: Type(N : Normal, A : Abnormal, B : Boundary) | F50: N | G50: A | H50: A | I50: A | J50: A | K50: A | L50: A | M50: B | N50: B | O50: B | P50: B
B51: Passed/Failed | F51: P | G51: P | H51: P | I51: P | J51: P | K51: P | L51: P | M51: P | N51: P | O51: P | P51: P
B52: Executed Date | F52: 45695 | G52: 45695 | H52: 45695 | I52: 45695 | J52: 45695 | K52: 45695 | L52: 45695 | M52: 45695 | N52: 45695 | O52: 45695 | P52: 45695
B53: Defect ID

Sheet Update Role
A2: Function Code | C2: Role - 4 | F2: Function Name | L2: Update Role
A3: Created By | C3: Nguyễn Chí Hậu | F3: Executed By | L3: Nguyễn Chí Hậu
A4: Lines of code | C4: 100 | F4: Lack of test cases | L4: 0
A5: Test requirement
A6: Passed | C6: Failed | F6: Untested | L6: N/A/B | O6: Total Test Cases
A7: =COUNTIF(F52:HQ52,"P") | C7: =COUNTIF(F53:HQ53,"F") | F7: =SUM(O7,- A7,- C7) | L7: =COUNTIF(E51:HQ51,"N") | M7: =COUNTIF(E51:HQ51,"A") | N7: =COUNTIF(E51:HQ51,"B") | O7: =COUNTA(E9:HT9)
F9: UTCID01 | G9: UTCID02 | H9: UTCID03 | I9: UTCID04 | J9: UTCID05 | K9: UTCID06 | L9: UTCID07 | M9: UTCID08 | N9: UTCID09 | O9: UTCID10
A10: Condition | B10: Precondition
D11: Can connect with SQL Server | F11: O | G11: O | H11: O | I11: O | J11: O | L11: O | M11: O | N11: O | O11: O
D12: Login with Authorize Account | F12: O | G12: O | H12: O | I12: O | J12: O | K12: O | L12: O | M12: O | N12: O | O12: O
B13: RoleId
D14: 1 | F14: O | L14: O | M14: O | N14: O | O14: O
D15: 2 | H15: O | J15: O
D16: 99999 | I16: O
D17: 99 | K17: O
D18: null | G18: O
B19: RoleName
D20: "Moderator" | F20: O | J20: O | N20: O | O20: O
D21: null | G21: O | H21: O
D22: "NonExistentRole" | I22: O
D23: "NewName" | K23: O
D24: 25 characters string | L24: O
D25: 26 characters string | M25: O
B26: RoleDescription
D27: "Updated Description" | F27: O | L27: O | M27: O
D28: null | G28: O | J28: O
D29: "No name provided" | H29: O
D30: "Attempt to update a role that doesn't exist", | I30: O
D31: "Desc" | K31: O
D32: 50 characters string | N32: O
D33: 51 characters string | O33: O
B34: Permissions
D35: { 101, 102 } | F35: O | K35: O | L35: O | M35: O | N35: O | O35: O
D36: null | G36: O
D37: { 101 } | H37: O | I37: O | J37: O
D38: { 103 }
A39: Confirm | B39: Return
D40: T | F40: O | L40: O | N40: O
D41: F | G41: O | H41: O | I41: O | J41: O | M41: O | O41: O
B42: Exception
D43: InvalidOperationException | K43: O
B44: Log message
D45: "Expected true when updating a valid role." | F45: O
D46: "Expected false when trying to update a null role." | G46: O
D47: "Expected false for an invalid (empty) role name." | H47: O
D48: "Attempt to update a role that doesn't exist" | I48: O
D49: "Expected false for an invalid (empty) role description." | J49: O
D50: "Database update error" | K50: O
A51: Result | B51: Type(N : Normal, A : Abnormal, B : Boundary) | F51: N | G51: A | H51: A | I51: A | J51: A | K51: A | L51: B | M51: B | N51: B | O51: B
B52: Passed/Failed | F52: P | G52: P | H52: P | I52: P | J52: P | K52: P | L52: P | M52: P | N52: P | O52: P
B53: Executed Date | F53: 45695 | G53: 45695 | H53: 45695 | I53: 45695 | J53: 45695 | K53: 45695 | L53: 45695 | M53: 45695 | N53: 45695 | O53: 45695
B54: Defect ID

Sheet Get Facilities
A2: Function Code | C2: Facility - 1 | F2: Function Name | L2: Get Facilities
A3: Created By | C3: Nguyễn Thanh Tuấn | F3: Executed By | L3: Nguyễn Thanh Tuấn
A4: Lines of code | C4: 102 | F4: Lack of test cases | L4: 0
A5: Test requirement
A6: Passed | C6: Failed | F6: Untested | L6: N/A/B | O6: Total Test Cases
A7: =COUNTIF(F26:HQ26,"P") | C7: =COUNTIF(F27:HQ27,"F") | F7: =SUM(O7,- A7,- C7) | L7: =COUNTIF(E25:HQ25,"N") | M7: =COUNTIF(E25:HQ25,"A") | N7: =COUNTIF(E25:HQ25,"B") | O7: =COUNTA(E9:HT9)
F9: UTCID01 | G9: UTCID02 | H9: UTCID03 | I9: UTCID04
A10: Condition | B10: Precondition
D11: Can connect with SQL Server | F11: O | G11: O | H11: O
D12: Login with Authorize Account | F12: O | G12: O | H12: O | I12: O
D13: Have Entry in Database | F13: O
D14: No Entry in Database | G14: O | H14: O | I14: O
B15: roleId
D16: 1 | F16: O | G16: O | I16: O
D17: 9999 | H17: O
A18: Confirm | B18: Return
D19: Facility List | F19: O
D20: Null | G20: O | H20: O
B21: Exception
D22: InvalidOperationException | I22: O
B23: Log message
D24: "Database query error" | I24: O
A25: Result | B25: Type(N : Normal, A : Abnormal, B : Boundary) | F25: N | G25: N | H25: N | I25: A
B26: Passed/Failed | F26: P | G26: P | H26: P | I26: P
B27: Executed Date | F27: 45700 | G27: 45700 | H27: 45700 | I27: 45700
B28: Defect ID

Sheet Get Room Facilities By Room Id
A2: Function Code | C2: RoomFacility - 1 | F2: Function Name | L2: Get Room Facilities By Room Id
A3: Created By | C3: Nguyễn Thanh Tuấn | F3: Executed By | L3: Nguyễn Thanh Tuấn
A4: Lines of code | C4: 102 | F4: Lack of test cases | L4: 0
A5: Test requirement
A6: Passed | C6: Failed | F6: Untested | L6: N/A/B | O6: Total Test Cases
A7: =COUNTIF(F26:HQ26,"P") | C7: =COUNTIF(F27:HQ27,"F") | F7: =SUM(O7,- A7,- C7) | L7: =COUNTIF(E25:HQ25,"N") | M7: =COUNTIF(E25:HQ25,"A") | N7: =COUNTIF(E25:HQ25,"B") | O7: =COUNTA(E9:HT9)
F9: UTCID01 | G9: UTCID02 | H9: UTCID03 | I9: UTCID04
A10: Condition | B10: Precondition
D11: Can connect with SQL Server | F11: O | G11: O | H11: O
D12: Login with Authorize Account | F12: O | G12: O | H12: O | I12: O
D13: Have Entry in Database | F13: O
D14: No Entry in Database | G14: O | H14: O | I14: O
B15: RoomId
D16: Guid | F16: O | G16: O | I16: O
D17: null | H17: O
A18: Confirm | B18: Return
D19: Room Facilities List | F19: O
D20: Null | G20: O | H20: O
B21: Exception
D22: InvalidOperationException | I22: O
B23: Log message
D24: "Simulated DB error" | I24: O
A25: Result | B25: Type(N : Normal, A : Abnormal, B : Boundary) | F25: N | G25: N | H25: N | I25: A
B26: Passed/Failed | F26: P | G26: P | H26: P | I26: P
B27: Executed Date | F27: 45702 | G27: 45702 | H27: 45702 | I27: 45702
B28: Defect ID

Sheet Get Personal Borrowing
A2: Function Code | C2: Borrowing - 2 | F2: Function Name | L2: Get Personal Borrowing
A3: Created By | C3: Nguyễn Hữu Duy | F3: Executed By | L3: Nguyễn Hữu Duy
A4: Lines of code | C4: 111 | F4: Lack of test cases | L4: 0
A5: Test requirement
A6: Passed | C6: Failed | F6: Untested | L6: N/A/B | O6: Total Test Cases
A7: =COUNTIF(F29:HQ29,"P") | C7: =COUNTIF(F30:HQ30,"F") | F7: =SUM(O7,- A7,- C7) | L7: =COUNTIF(E28:HQ28,"N") | M7: =COUNTIF(E28:HQ28,"A") | N7: =COUNTIF(E28:HQ28,"B") | O7: =COUNTA(E9:HT9)
F9: UTCID01 | G9: UTCID02 | H9: UTCID03 | I9: UTCID04 | J9: UTCID05
A10: Condition | B10: Precondition
D11: Can connect with SQL Server | F11: O | G11: O | H11: O | I11: O
D12: Login with Authorize Account | F12: O | G12: O | H12: O | I12: O | J12: O
D13: Have Entry in Database | F13: O | J13: O
D14: No Entry in Database | G14: O | H14: O | I14: O
D15: BorrowerId Exist | F15: O | G15: O | J15: O
D16: BorrowerId doesn't Exist | H16: O | I16: O
B17: BorrowerId
D18: Guid | F18: O | G18: O | J18: O
D19: "invalid-guid" | H19: O
D20: null | I20: O
A21: Confirm | B21: Return
D22: Personal Borrowing List | F22: O
D23: Null | G23: O | H23: O | I23: O
B24: Exception
D25: InvalidOperationException | J25: O
B26: Log message
D27: "Database connection failed" | J27: O
A28: Result | B28: Type(N : Normal, A : Abnormal, B : Boundary) | F28: N | G28: N | H28: N | I28: N | J28: A
B29: Passed/Failed | F29: P | G29: P | H29: P | I29: P | J29: P
B30: Executed Date | F30: 45708 | G30: 45708 | H30: 45708 | I30: 45708 | J30: 45708
B31: Defect ID

Sheet Get Borrow List For Department
A2: Function Code | C2: Borrowing - 3 | F2: Function Name | L2: Get Borrow List For Department
A3: Created By | C3: Nguyễn Hữu Duy | F3: Executed By | L3: Nguyễn Hữu Duy
A4: Lines of code | C4: 125 | F4: Lack of test cases | L4: 0
A5: Test requirement
A6: Passed | C6: Failed | F6: Untested | L6: N/A/B | O6: Total Test Cases
A7: =COUNTIF(F33:HQ33,"P") | C7: =COUNTIF(F34:HQ34,"F") | F7: =SUM(O7,- A7,- C7) | L7: =COUNTIF(E32:HQ32,"N") | M7: =COUNTIF(E32:HQ32,"A") | N7: =COUNTIF(E32:HQ32,"B") | O7: =COUNTA(E9:HT9)
F9: UTCID01 | G9: UTCID02 | H9: UTCID03 | I9: UTCID04 | J9: UTCID05
A10: Condition | B10: Precondition
D11: Can connect with SQL Server | F11: O | G11: O | H11: O | J11: O
D12: Login with Authorize Account | F12: O | G12: O | H12: O | I12: O | J12: O
D13: Have Entry in Database | F13: O | J13: O
D14: No Entry in Database | G14: O | H14: O | I14: O
D15: Department Exist | F15: O | G15: O | J15: O
D16: Department doesn't Exist | H16: O | I16: O
B17: Department
D18: 1 | F18: O | G18: O | I18: O | J18: O
D19: 9999 | H19: O
D20: null
B21: Type
D22: TRUE | F22: O | G22: O | H22: O
D23: FALSE | J23: O
A24: Confirm | B24: Return
D25: Borrow List for Department with type = True | F25: O
D26: Borrow List for Department with type = False | J26: O
D27: Null | G27: O | H27: O
B28: Exception
D29: InvalidOperationException | I29: O
B30: Log message
D31: "Database connection failed" | I31: O
A32: Result | B32: Type(N : Normal, A : Abnormal, B : Boundary) | F32: N | G32: N | H32: N | I32: A | J32: N
B33: Passed/Failed | F33: P | G33: P | H33: P | I33: P | J33: P
B34: Executed Date | F34: 45708 | G34: 45708 | H34: 45708 | I34: 45708 | J34: 45708
B35: Defect ID

Sheet Get Important Borrowing
A2: Function Code | C2: Borrowing - 4 | F2: Function Name | L2: Get Important Borrowing
A3: Created By | C3: Nguyễn Hữu Duy | F3: Executed By | L3: Nguyễn Hữu Duy
A4: Lines of code | C4: 73 | F4: Lack of test cases | L4: 0
A5: Test requirement
A6: Passed | C6: Failed | F6: Untested | L6: N/A/B | O6: Total Test Cases
A7: =COUNTIF(F23:HQ23,"P") | C7: =COUNTIF(F24:HQ24,"F") | F7: =SUM(O7,- A7,- C7) | L7: =COUNTIF(E22:HQ22,"N") | M7: =COUNTIF(E22:HQ22,"A") | N7: =COUNTIF(E22:HQ22,"B") | O7: =COUNTA(E9:HT9)
F9: UTCID01 | G9: UTCID02 | H9: UTCID03
A10: Condition | B10: Precondition
D11: Can connect with SQL Server | F11: O | G11: O
D12: Login with Authorize Account | F12: O | G12: O | H12: O
D13: Have Entry in Database | F13: O
D14: No Entry in Database | G14: O | H14: O
A15: Confirm | B15: Return
D16: Borrow List f | F16: O
D17: Null | G17: O
B18: Exception
D19: InvalidOperationException | H19: O
B20: Log message
D21: "Database connection failed" | H21: O
A22: Result | B22: Type(N : Normal, A : Abnormal, B : Boundary) | F22: N | G22: N | H22: A
B23: Passed/Failed | F23: P | G23: P | H23: P
B24: Executed Date | F24: 45708 | G24: 45708 | H24: 45708
B25: Defect ID

Sheet Get Borrowing Detail
A2: Function Code | C2: Borrowing - 5 | F2: Function Name | K2: Get Borrowing Detail
A3: Created By | C3: Nguyễn Hữu Duy | F3: Executed By | K3: Nguyễn Hữu Duy
A4: Lines of code | C4: 124 | F4: Lack of test cases | K4: 0
A5: Test requirement
A6: Passed | C6: Failed | F6: Untested | K6: N/A/B | N6: Total Test Cases
A7: =COUNTIF(F28:HP28,"P") | C7: =COUNTIF(F29:HP29,"F") | F7: =SUM(N7,- A7,- C7) | K7: =COUNTIF(E27:HP27,"N") | L7: =COUNTIF(E27:HP27,"A") | M7: =COUNTIF(E27:HP27,"B") | N7: =COUNTA(E9:HS9)
F9: UTCID01 | G9: UTCID02 | H9: UTCID03 | I9: UTCID04
A10: Condition | B10: Precondition
D11: Can connect with SQL Server | F11: O | G11: O | H11: O
D12: Login with Authorize Account | F12: O | G12: O | H12: O | I12: O
D13: Have Entry in Database | F13: O
D14: No Entry in Database | G14: O | H14: O | I14: O
D15: BorrowId Exist | F15: O | G15: O
D16: BorrowId doesn't Exist | H16: O | I16: O
B17: BorrowId
D18: Guid | F18: O | G18: O | H18: O | I18: O
D19: null
A20: Confirm | B20: Return
D21: Borrowing Detail | F21: O
D22: Null | G22: O | H22: O
B23: Exception
D24: InvalidOperationException | I24: O
B25: Log message
D26: "Database connection failed" | I26: O
A27: Result | B27: Type(N : Normal, A : Abnormal, B : Boundary) | F27: N | G27: N | H27: N | I27: A
B28: Passed/Failed | F28: P | G28: P | H28: P | I28: P
B29: Executed Date | F29: 45708 | G29: 45708 | H29: 45708 | I29: 45708
B30: Defect ID

Sheet Get HashSet Permissions
A2: Function Code | C2: Permissions - 1 | F2: Function Name | K2: Get HashSet Permissions
A3: Created By | C3: Nguyễn Chí Hậu | F3: Executed By | K3: Nguyễn Chí Hậu
A4: Lines of code | C4: 70 | F4: Lack of test cases | K4: 0
A5: Test requirement
A6: Passed | C6: Failed | F6: Untested | K6: N/A/B | N6: Total Test Cases
A7: =COUNTIF(F26:HP26,"P") | C7: =COUNTIF(F27:HP27,"F") | F7: =SUM(N7,- A7,- C7) | K7: =COUNTIF(E25:HP25,"N") | L7: =COUNTIF(E25:HP25,"A") | M7: =COUNTIF(E25:HP25,"B") | N7: =COUNTA(E9:HS9)
F9: UTCID01 | G9: UTCID02 | H9: UTCID03
A10: Condition | B10: Precondition
D11: Can connect with SQL Server | F11: O | G11: O
D12: Login with Authorize Account | F12: O | G12: O | H12: O
D13: UserId Exist | F13: O
D14: UserId doesn't Exist | G14: O | H14: O
B15: UserId
D16: Guid | F16: O | G16: O | H16: O
D17: null
A18: Confirm | B18: Return
D19: Permissions List | F19: O
D20: Null | G20: O
B21: Exception
D22: InvalidOperationException | H22: O
B23: Log message
D24: "Database connection failed" | H24: O
A25: Result | B25: Type(N : Normal, A : Abnormal, B : Boundary) | F25: N | G25: N | H25: A
B26: Passed/Failed | F26: P | G26: P | H26: P
B27: Executed Date | F27: 45709 | G27: 45709 | H27: 45709
B28: Defect ID

Sheet Get Permissions
A2: Function Code | C2: Permissions - 2 | F2: Function Name | K2: Get Permissions
A3: Created By | C3: Nguyễn Chí Hậu | F3: Executed By | K3: Nguyễn Chí Hậu
A4: Lines of code | C4: 95 | F4: Lack of test cases | K4: 0
A5: Test requirement
A6: Passed | C6: Failed | F6: Untested | K6: N/A/B | N6: Total Test Cases
A7: =COUNTIF(F27:HP27,"P") | C7: =COUNTIF(F28:HP28,"F") | F7: =SUM(N7,- A7,- C7) | K7: =COUNTIF(E26:HP26,"N") | L7: =COUNTIF(E26:HP26,"A") | M7: =COUNTIF(E26:HP26,"B") | N7: =COUNTA(E9:HS9)
F9: UTCID01 | G9: UTCID02 | H9: UTCID03 | I9: UTCID04
A10: Condition | B10: Precondition
D11: Can connect with SQL Server | F11: O | G11: O | H11: O
D12: Login with Authorize Account | F12: O | G12: O | H12: O | I12: O
D13: UserId Exist | F13: O | H13: O
D14: UserId doesn't Exist | G14: O | I14: O
D15: Have Permissions | F15: O
D16: Don't have Permissions | G16: O | H16: O | I16: O
B17: UserId
D18: Guid | F18: O | G18: O | H18: O
A19: Confirm | B19: Return
D20: Permissions List | F20: O
D21: Null | G21: O | H21: O
B22: Exception
D23: InvalidOperationException | I23: O
B24: Log message
D25: "Database connection failed" | I25: O
A26: Result | B26: Type(N : Normal, A : Abnormal, B : Boundary) | F26: N | G26: N | H26: N | I26: A
B27: Passed/Failed | F27: P | G27: P | H27: P | I27: P
B28: Executed Date | F28: 45709 | G28: 45709 | H28: 45709 | I28: 45709
B29: Defect ID

Sheet Get User with Permissions
A2: Function Code | C2: Permissions - 1 | F2: Function Name | K2: Get User with Permissions
A3: Created By | C3: Nguyễn Chí Hậu | F3: Executed By | K3: Nguyễn Chí Hậu
A4: Lines of code | C4: 45 | F4: Lack of test cases | K4: 0
A5: Test requirement
A6: Passed | C6: Failed | F6: Untested | K6: N/A/B | N6: Total Test Cases
A7: =COUNTIF(F29:HP29,"P") | C7: =COUNTIF(F30:HP30,"F") | F7: =SUM(N7,- A7,- C7) | K7: =COUNTIF(E28:HP28,"N") | L7: =COUNTIF(E28:HP28,"A") | M7: =COUNTIF(E28:HP28,"B") | N7: =COUNTA(E9:HS9)
F9: UTCID01 | G9: UTCID02 | H9: UTCID03
A10: Condition | B10: Precondition
D11: Can connect with SQL Server | F11: O | G11: O
D12: Login with Authorize Account | F12: O | G12: O | H12: O
D13: Users Exist | F13: O
D14: Users doesn't Exist | G14: O | H14: O
B15: requiredPermissions
D16: { "Read", "Write" } | F16: O | H16: O
D17: { "NonExistentPermission" } | G17: O
B18: requireAllPermissions
D19: TRUE | F19: O | H19: O
D20: FALSE | G20: O
A21: Confirm | B21: Return
D22: Users List | F22: O
D23: Null | G23: O
B24: Exception
D25: InvalidOperationException | H25: O
B26: Log message
D27: "Database connection failed" | H27: O
A28: Result | B28: Type(N : Normal, A : Abnormal, B : Boundary) | F28: N | G28: N | H28: A
B29: Passed/Failed | F29: P | G29: P | H29: P
B30: Executed Date | F30: 45709 | G30: 45709 | H30: 45709
B31: Defect ID

Sheet Get Facility By Id
A2: Function Code | C2: Facility - 2 | F2: Function Name | L2: Get Facility By ID
A3: Created By | C3: Nguyễn Thanh Tuấn | F3: Executed By | L3: Nguyễn Thanh Tuấn
A4: Lines of code | C4: 60 | F4: Lack of test cases | L4: 0
A5: Test requirement
A6: Passed | C6: Failed | F6: Untested | L6: N/A/B | O6: Total Test Cases
A7: =COUNTIF(F25:HQ25,"P") | C7: =COUNTIF(F26:HQ26,"F") | F7: =SUM(O7,- A7,- C7) | L7: =COUNTIF(E24:HQ24,"N") | M7: =COUNTIF(E24:HQ24,"A") | N7: =COUNTIF(E24:HQ24,"B") | O7: =COUNTA(E9:HT9)
F9: UTCID01 | G9: UTCID02 | H9: UTCID03
A10: Condition | B10: Precondition
D11: Can connect with SQL Server | F11: O | G11: O
D12: Login with Authorize Account | F12: O | G12: O | H12: O
D13: Have Entry in Database | F13: O | H13: O
D14: No Entry in Database | G14: O
B15: FacilityId
D16: Guid | F16: O | G16: O | H16: O
A17: Confirm | B17: Return
D18: Facility | F18: O
D19: Null | G19: O
B20: Exception
D21: InvalidOperationException | H21: O
B22: Log message
D23: "Simulated DB error" | H23: O
A24: Result | B24: Type(N : Normal, A : Abnormal, B : Boundary) | F24: N | G24: N | H24: A
B25: Passed/Failed | F25: P | G25: P | H25: P
B26: Executed Date | F26: 45700 | G26: 45700 | H26: 45700
B27: Defect ID

Sheet Get Room Facility Detail
A2: Function Code | C2: RoomFacility - 2 | F2: Function Name | L2: Get Facility By ID
A3: Created By | C3: Nguyễn Thanh Tuấn | F3: Executed By | L3: Nguyễn Thanh Tuấn
A4: Lines of code | C4: 71 | F4: Lack of test cases | L4: 0
A5: Test requirement
A6: Passed | C6: Failed | F6: Untested | L6: N/A/B | O6: Total Test Cases
A7: =COUNTIF(F25:HQ25,"P") | C7: =COUNTIF(F26:HQ26,"F") | F7: =SUM(O7,- A7,- C7) | L7: =COUNTIF(E24:HQ24,"N") | M7: =COUNTIF(E24:HQ24,"A") | N7: =COUNTIF(E24:HQ24,"B") | O7: =COUNTA(E9:HT9)
F9: UTCID01 | G9: UTCID02 | H9: UTCID03
A10: Condition | B10: Precondition
D11: Can connect with SQL Server | F11: O | G11: O
D12: Login with Authorize Account | F12: O | G12: O | H12: O
D13: Have Entry in Database | F13: O | H13: O
D14: No Entry in Database | G14: O
B15: roomFacilityId
D16: Guid | F16: O | G16: O | H16: O
A17: Confirm | B17: Return
D18: Room Facility | F18: O
D19: Null | G19: O
B20: Exception
D21: InvalidOperationException | H21: O
B22: Log message
D23: "Simulated DB error" | H23: O
A24: Result | B24: Type(N : Normal, A : Abnormal, B : Boundary) | F24: N | G24: N | H24: A
B25: Passed/Failed | F25: P | G25: P | H25: P
B26: Executed Date | F26: 45700 | G26: 45700 | H26: 45700
B27: Defect ID

Sheet Get User By Email
A2: Function Code | C2: User - 1 | F2: Function Name | L2: Get User By Email
A3: Created By | C3: Nguyễn Hữu Duy | F3: Executed By | L3: Nguyễn Hữu Duy
A4: Lines of code | C4: 79 | F4: Lack of test cases | L4: 0
A5: Test requirement
A6: Passed | C6: Failed | F6: Untested | L6: N/A/B | O6: Total Test Cases
A7: =COUNTIF(F26:HQ26,"P") | C7: =COUNTIF(F27:HQ27,"F") | F7: =SUM(O7,- A7,- C7) | L7: =COUNTIF(E25:HQ25,"N") | M7: =COUNTIF(E25:HQ25,"A") | N7: =COUNTIF(E25:HQ25,"B") | O7: =COUNTA(E9:HT9)
F9: UTCID01 | G9: UTCID02 | H9: UTCID03
A10: Condition | B10: Precondition
D11: Can connect with SQL Server | F11: O | G11: O
D12: Login with Authorize Account | F12: O | G12: O | H12: O
D13: Have Entry in Database | F13: O | H13: O
D14: No Entry in Database | G14: O
B15: Email
D16: test@example.com
D17: nonexistent@example.com | F17: O | G17: O | H17: O
A18: Confirm | B18: Return
D19: User Detail | F19: O
D20: Null | G20: O
B21: Exception
D22: InvalidOperationException | H22: O
B23: Log message
D24: "Simulated DB error" | H24: O
A25: Result | B25: Type(N : Normal, A : Abnormal, B : Boundary) | F25: N | G25: N | H25: A
B26: Passed/Failed | F26: P | G26: P | H26: P
B27: Executed Date | F27: 45706 | G27: 45706 | H27: 45706
B28: Defect ID

Sheet Get User By Usercode
A2: Function Code | C2: User - 7 | F2: Function Name | L2: Get User By Usercode
A3: Created By | C3: Nguyễn Hữu Duy | F3: Executed By | L3: Nguyễn Hữu Duy
A4: Lines of code | C4: 77 | F4: Lack of test cases | L4: 0
A5: Test requirement
A6: Passed | C6: Failed | F6: Untested | L6: N/A/B | O6: Total Test Cases
A7: =COUNTIF(F26:HQ26,"P") | C7: =COUNTIF(F27:HQ27,"F") | F7: =SUM(O7,- A7,- C7) | L7: =COUNTIF(E25:HQ25,"N") | M7: =COUNTIF(E25:HQ25,"A") | N7: =COUNTIF(E25:HQ25,"B") | O7: =COUNTA(E9:HT9)
F9: UTCID01 | G9: UTCID02 | H9: UTCID03
A10: Condition | B10: Precondition
D11: Can connect with SQL Server | F11: O | G11: O
D12: Login with Authorize Account | F12: O | G12: O | H12: O
D13: Have Entry in Database | F13: O | H13: O
D14: No Entry in Database | G14: O
B15: Usercode
D16: "USER001" | F16: O | H16: O
D17: "INVALID_USER" | G17: O
A18: Confirm | B18: Return
D19: User Detail | F19: O
D20: Null | G20: O
B21: Exception
D22: InvalidOperationException | H22: O
B23: Log message
D24: "Simulated DB error" | H24: O
A25: Result | B25: Type(N : Normal, A : Abnormal, B : Boundary) | F25: N | G25: N | H25: A
B26: Passed/Failed | F26: P | G26: P | H26: P
B27: Executed Date | F27: 45706 | G27: 45706 | H27: 45706
B28: Defect ID

Sheet Edit Password
A2: Function Code | C2: User - 4 | F2: Function Name | L2: Edit Password
A3: Created By | C3: Nguyễn Hữu Duy | F3: Executed By | L3: Nguyễn Hữu Duy
A4: Lines of code | C4: 235 | F4: Lack of test cases | L4: 0
A5: Test requirement
A6: Passed | C6: Failed | F6: Untested | L6: N/A/B | O6: Total Test Cases
A7: =COUNTIF(F46:HQ46,"P") | C7: =COUNTIF(F47:HQ47,"F") | F7: =SUM(O7,- A7,- C7) | L7: =COUNTIF(E45:HQ45,"N") | M7: =COUNTIF(E45:HQ45,"A") | N7: =COUNTIF(E45:HQ45,"B") | O7: =COUNTA(E9:HT9)
F9: UTCID01 | G9: UTCID02 | H9: UTCID03 | I9: UTCID04 | J9: UTCID05 | K9: UTCID06 | L9: UTCID07 | M9: UTCID08 | N9: UTCID09 | O9: UTCID10
A10: Condition | B10: Precondition
D11: Can connect with SQL Server | F11: O | G11: O | H11: O | I11: O | J11: O | K11: O | L11: O | M11: O | N11: O
D12: Login with Authorize Account | F12: O | G12: O | H12: O | I12: O | J12: O | K12: O | L12: O | M12: O | N12: O | O12: O
D13: Have Email in Database | F13: O | I13: O | J13: O | L13: O | M13: O | N13: O
D14: No Email in Database | G14: O | H14: O | K14: O | O14: O
B15: Email
D16: test@example.com | F16: O | H16: O | I16: O | J16: O | L16: O | M16: O | N16: O | O16: O
D17: null | G17: O | K17: O
B18: Password
D19: "newPassword" | F19: O | H19: O | I19: O | J19: O | K19: O | M19: O | N19: O | O19: O
D20: null | G20: O | L20: O
B21: OldPassword
D22: "oldPassword" | F22: O | H22: O | J22: O | K22: O | L22: O | N22: O | O22: O
D23: "wrongOldPassword" | I23: O
D24: null | G24: O | M24: O
B25: RePassword
D26: "newPassword" | F26: O | H26: O | I26: O | K26: O | L26: O | M26: O | O26: O
D27: "differentPassword" | J27: O
D28: null | G28: O | N28: O
A29: Confirm | B29: Return
D30: T | F30: O
D31: F | G31: O | H31: O | I31: O | J31: O | K31: O | L31: O | M31: O | N31: O
B32: Exception
D33: InvalidOperationException | O33: O
B34: Log message
D35: "Expected EditPassword to return true for a valid password change." | F35: O
D36: "Expected EditPassword to return false for a null user DTO." | G36: O
D37: "Expected EditPassword to return false for a non existence email." | H37: O
D38: "Expected EditPassword to return false for an incorrect old password." | I38: O
D39: "Expected EditPassword to return false when new password and re-password do not match." | J39: O
D40: "Expected EditPassword to return false for an empty email." | K40: O
D41: "Expected EditPassword to return false for an empty old password." | L41: O
D42: "Expected EditPassword to return false for an empty new password." | M42: O
D43: Expected EditPassword to return false for an empty repassword. | N43: O
D44: "Simulated DB error" | O44: O
A45: Result | B45: Type(N : Normal, A : Abnormal, B : Boundary) | F45: N | G45: A | H45: A | I45: A | J45: A | K45: A | L45: A | M45: A | N45: A | O45: A
B46: Passed/Failed | F46: P | G46: P | H46: P | I46: P | J46: P | K46: P | L46: P | M46: P | N46: P | O46: P
B47: Executed Date | F47: 45706 | G47: 45706 | H47: 45706 | I47: 45706 | J47: 45706 | K47: 45706 | L47: 45706 | M47: 45706 | N47: 45706 | O47: 45706
B48: Defect ID

Sheet Get User Profile
A2: Function Code | C2: User - 5 | F2: Function Name | L2: Get User Profile
A3: Created By | C3: Nguyễn Hữu Duy | F3: Executed By | L3: Nguyễn Hữu Duy
A4: Lines of code | C4: 72 | F4: Lack of test cases | L4: 0
A5: Test requirement
A6: Passed | C6: Failed | F6: Untested | L6: N/A/B | O6: Total Test Cases
A7: =COUNTIF(F25:HQ25,"P") | C7: =COUNTIF(F26:HQ26,"F") | F7: =SUM(O7,- A7,- C7) | L7: =COUNTIF(E24:HQ24,"N") | M7: =COUNTIF(E24:HQ24,"A") | N7: =COUNTIF(E24:HQ24,"B") | O7: =COUNTA(E9:HT9)
F9: UTCID01 | G9: UTCID02 | H9: UTCID03
A10: Condition | B10: Precondition
D11: Can connect with SQL Server | F11: O | G11: O
D12: Login with Authorize Account | F12: O | G12: O | H12: O
D13: Have Entry in Database | F13: O | H13: O
D14: No Entry in Database | G14: O
B15: Usercode
D16: Guid | F16: O | G16: O
A17: Confirm | B17: Return
D18: User Detail | F18: O
D19: Null | G19: O
B20: Exception
D21: InvalidOperationException | H21: O
B22: Log message
D23: "Simulated DB error" | H23: O
A24: Result | B24: Type(N : Normal, A : Abnormal, B : Boundary) | F24: N | G24: N | H24: A
B25: Passed/Failed | F25: P | G25: P | H25: P
B26: Executed Date | F26: 45706 | G26: 45706 | H26: 45706
B27: Defect ID

Sheet Change User Status
A2: Function Code | C2: User - 6 | F2: Function Name | L2: Change User Status
A3: Created By | C3: Nguyễn Hữu Duy | F3: Executed By | L3: Nguyễn Hữu Duy
A4: Lines of code | C4: 137 | F4: Lack of test cases | L4: 0
A5: Test requirement
A6: Passed | C6: Failed | F6: Untested | L6: N/A/B | O6: Total Test Cases
A7: =COUNTIF(F37:HQ37,"P") | C7: =COUNTIF(F38:HQ38,"F") | F7: =SUM(O7,- A7,- C7) | L7: =COUNTIF(E36:HQ36,"N") | M7: =COUNTIF(E36:HQ36,"A") | N7: =COUNTIF(E36:HQ36,"B") | O7: =COUNTA(E9:HT9)
F9: UTCID01 | G9: UTCID02 | H9: UTCID03 | I9: UTCID04 | J9: UTCID05 | K9: UTCID06
A10: Condition | B10: Precondition
D11: Can connect with SQL Server | F11: O | G11: O | H11: O | I11: O | J11: O
D12: Login with Authorize Account | F12: O | G12: O | H12: O | I12: O | J12: O | K12: O
D13: UserID Existed | F13: O | I13: O | J13: O
D14: UserID Doesn't Exist | G14: O | H14: O | K14: O
D15: Status Existed | F15: O | G15: O | J15: O
D16: Status Doesn't Exist | H16: O | I16: O | K16: O
B17: UserId
D18: Guid | F18: O | G18: O | I18: O | K18: O
D19: null | H19: O | J19: O
B20: Status
D21: 1 | F21: O | G21: O | J21: O | K21: O
D22: 9999 | I22: O
D23: null | H23: O
A24: Confirm | B24: Return
D25: T | F25: O
D26: F | G26: O | H26: O | I26: O | J26: O
B27: Exception
D28: InvalidOperationException | K28: O
B29: Log message
D30: "Expected ChangeUserStatus to return true for a valid status change." | F30: O
D31: "Expected ChangeUserStatus to return false for an invalid user ID." | G31: O
D32: "Expected ChangeUserStatus to return false for a null ChangeUserStatus DTO." | H32: O
D33: "Expected ChangeUserStatus to return false for a non-existent status." | I33: O
D34: "Expected ChangeUserStatus to return false for an empty UserId." | J34: O
D35: "Simulated DB error" | K35: O
A36: Result | B36: Type(N : Normal, A : Abnormal, B : Boundary) | F36: N | G36: A | H36: A | I36: A | J36: A | K36: A
B37: Passed/Failed | F37: P | G37: P | H37: P | I37: P | J37: P | K37: P
B38: Executed Date | F38: 45706 | G38: 45706 | H38: 45706 | I38: 45706 | J38: 45706 | K38: 45706
B39: Defect ID

Sheet Entry Excel To User
A2: Function Code | C2: User - 8 | F2: Function Name | L2: Entry Excel to User
A3: Created By | C3: Nguyễn Hữu Duy | F3: Executed By | L3: Nguyễn Hữu Duy
A4: Lines of code | C4: 137 | F4: Lack of test cases | L4: 0
A5: Test requirement
A6: Passed | C6: Failed | F6: Untested | L6: N/A/B | O6: Total Test Cases
A7: =COUNTIF(F32:HQ32,"P") | C7: =COUNTIF(F33:HQ33,"F") | F7: =SUM(O7,- A7,- C7) | L7: =COUNTIF(E31:HQ31,"N") | M7: =COUNTIF(E31:HQ31,"A") | N7: =COUNTIF(E31:HQ31,"B") | O7: =COUNTA(E9:HT9)
F9: UTCID01 | G9: UTCID02 | H9: UTCID03 | I9: UTCID04 | J9: UTCID05
A10: Condition | B10: Precondition
D11: Can connect with SQL Server | F11: O | G11: O | H11: O | I11: O
D12: Login with Authorize Account | F12: O | G12: O | H12: O | I12: O | J12: O
D13: Excel Existed | F13: O
D14: Excel Doesn't Exist | G14: O | H14: O | I14: O | J14: O
B15: filePath
D16: "validFilePath.xlsx" | F16: O | J16: O
D17: "invalidFilePath.xlsx" | G17: O
D18: "nonExistentFilePath.xlsx" | H18: O
D19: "nonExistentFilePath.exe" | I19: O
A20: Confirm | B20: Return
D21: T | F21: O
D22: F | G22: O | H22: O | I22: O | J22: O
B23: Exception
D24: InvalidOperationException
B25: Log message
D26: "Return true with valid file path" | F26: O
D27: "return false with invalid Excel Format" | G27: O
D28: "return false with non existent file path" | H28: O
D29: "return false not excel file" | I29: O
D30: "Processing error" | J30: O
A31: Result | B31: Type(N : Normal, A : Abnormal, B : Boundary) | F31: N | G31: A | H31: A | I31: A | J31: A
B32: Passed/Failed | F32: P | G32: P | H32: P | I32: P | J32: P
B33: Executed Date | F33: 45706 | G33: 45706 | H33: 45706 | I33: 45706 | J33: 45706
B34: Defect ID

Sheet Login
A2: Function Code | C2: User - 6 | F2: Function Name | L2: Login
A3: Created By | C3: Nguyễn Hữu Duy | F3: Executed By | L3: Nguyễn Hữu Duy
A4: Lines of code | C4: 130 | F4: Lack of test cases | L4: 0
A5: Test requirement
A6: Passed | C6: Failed | F6: Untested | L6: N/A/B | O6: Total Test Cases
A7: =COUNTIF(F36:HQ36,"P") | C7: =COUNTIF(F37:HQ37,"F") | F7: =SUM(O7,- A7,- C7) | L7: =COUNTIF(E35:HQ35,"N") | M7: =COUNTIF(E35:HQ35,"A") | N7: =COUNTIF(E35:HQ35,"B") | O7: =COUNTA(E9:HT9)
F9: UTCID01 | G9: UTCID02 | H9: UTCID03 | I9: UTCID04 | J9: UTCID05 | K9: UTCID06 | L9: UTCID07
A10: Condition | B10: Precondition
D11: Can connect with SQL Server | F11: O | G11: O | H11: O | J11: O | K11: O | L11: O
D12: Login with Authorize Account | F12: O | G12: O | H12: O | I12: O | J12: O | K12: O | L12: O
D13: Account Existed | F13: O | H13: O | I13: O | J13: O | K13: O | L13: O
D14: Account Does not Existed | G14: O
D15: Account Is Locked | H15: O
B16: Email
D17: user@example.com | F17: O | H17: O | I17: O | K17: O
D18: invalid@example.com | G18: O
D19: null | J19: O | L19: O
B20: Password
D21: "validPassword" | F21: O | H21: O | I21: O
D22: "wrongPassword" | G22: O
D23: null | K23: O | L23: O
A24: Confirm | B24: Return
D25: User Model | F25: O
B26: Exception
D27: InvalidOperationException | G27: O | H27: O | I27: O
D28: ArgumentNullException | J28: O | K28: O | L28: O
B29: Log message
D30: "Tài khoản của bạn đã bị khoá. Vui lòng liên hệ hỗ trợ." | H30: O
D31: "Đã xảy ra lỗi không mong muốn khi đăng nhập." | I31: O
D32: "Expected Login to return false for an empty Email." | J32: O
D33: "Expected Login to return false for an empty Password." | K33: O
D34: Expected Login to return false for Null Input." | L34: O
A35: Result | B35: Type(N : Normal, A : Abnormal, B : Boundary) | F35: N | G35: A | H35: A | I35: A | J35: A | K35: A | L35: A
B36: Passed/Failed | F36: P | G36: P | H36: P | I36: P | J36: P | K36: P | L36: P
B37: Executed Date | F37: 45706 | G37: 45706 | H37: 45706 | I37: 45706 | J37: 45706 | K37: 45706 | L37: 45706
B38: Defect ID

Sheet Delete Room Facility
A2: Function Code | C2: RoomFacility - 5 | F2: Function Name | L2: Delete Room Facility
A3: Created By | C3: Nguyễn Thanh Tuấn | F3: Executed By | L3: Nguyễn Thanh Tuấn
A4: Lines of code | C4: 75 | F4: Lack of test cases | L4: 0
A5: Test requirement
A6: Passed | C6: Failed | F6: Untested | L6: N/A/B | O6: Total Test Cases
A7: =COUNTIF(F27:HQ27,"P") | C7: =COUNTIF(F28:HQ28,"F") | F7: =SUM(O7,- A7,- C7) | L7: =COUNTIF(E26:HQ26,"N") | M7: =COUNTIF(E26:HQ26,"A") | N7: =COUNTIF(E26:HQ26,"B") | O7: =COUNTA(E9:HT9)
F9: UTCID01 | G9: UTCID02 | H9: UTCID03
A10: Condition | B10: Precondition
D11: Can connect with SQL Server | F11: O | G11: O
D12: Login with Authorize Account | F12: O | G12: O | H12: O
D13: Room Facility Existed | F13: O | H13: O
D14: Room Facility Does not Existed | G14: O
B15: roomFacilityId
D16: Guid | F16: O | G16: O | H16: O
A17: Confirm | B17: Return
D18: T | F18: O
D19: F | G19: O
B20: Exception
D21: InvalidOperationException | H21: O
B22: Log message
D23: Expected DeleteRoomFacility to return true for a valid ID.
D24: Expected DeleteRoomFacility to return false for a non-existent ID.
D25: "Simulated DB error" | H25: O
A26: Result | B26: Type(N : Normal, A : Abnormal, B : Boundary) | F26: N | G26: N | H26: A
B27: Passed/Failed | F27: P | G27: P | H27: P
B28: Executed Date | F28: 45702 | G28: 45702 | H28: 45702
B29: Defect ID

Sheet Add New Facility
A2: Function Code | C2: Facility - 3 | F2: Function Name | L2: Add New Facility
A3: Created By | C3: Nguyễn Thanh Tuấn | F3: Executed By | L3: Nguyễn Thanh Tuấn
A4: Lines of code | C4: 268 | F4: Lack of test cases | L4: 0
A5: Test requirement
A6: Passed | C6: Failed | F6: Untested | L6: N/A/B | O6: Total Test Cases
A7: =COUNTIF(F54:HQ54,"P") | C7: =COUNTIF(F55:HQ55,"F") | F7: =SUM(O7,- A7,- C7) | L7: =COUNTIF(E53:HQ53,"N") | M7: =COUNTIF(E53:HQ53,"A") | N7: =COUNTIF(E53:HQ53,"B") | O7: =COUNTA(E9:HT9)
F9: UTCID01 | G9: UTCID02 | H9: UTCID03 | I9: UTCID04 | J9: UTCID05 | K9: UTCID06 | L9: UTCID07 | M9: UTCID08 | N9: UTCID09 | O9: UTCID10 | P9: UTCID11 | Q9: UTCID12 | R9: UTCID13
A10: Condition | B10: Precondition
D11: Can connect with SQL Server | F11: O | G11: O | H11: O | I11: O | J11: O | L11: O | M11: O | N11: O | O11: O | P11: O | Q11: O
D12: Login with Authorize Account | F12: O | G12: O | H12: O | I12: O | J12: O | K12: O | L12: O | M12: O | N12: O | O12: O | P12: O | Q12: O | R12: O
D13: RoleId Existed | F13: O | H13: O | I13: O | J13: O | L13: O | M13: O | N13: O | O13: O | P13: O | Q13: O | R13: O
D14: RoleId Does not Existed | G14: O | K14: O
B15: FacilityName
D16: "New Facility" | F16: O | I16: O | J16: O | K16: O | N16: O | O16: O | P16: O | Q16: O | R16: O
D17: null | G17: O | H17: O
D18: 50 characters string | L18: O
D19: 51 characters string | M19: O
B20: TotalQuantity
D21: 100 | F21: O | H21: O | I21: O | J21: O | K21: O | L21: O | M21: O | N21: O | O21: O | P21: O | Q21: O | R21: O
D22: null | G22: O
B23: AvailableQuantity
D24: 100 | F24: O | H24: O | I24: O | J24: O | K24: O | L24: O | M24: O | N24: O | O24: O | P24: O | Q24: O | R24: O
D25: null | G25: O
B26: UnitOfMeasure
D27: "pcs" | F27: O | H27: O | J27: O | K27: O | L27: O | M27: O | P27: O | Q27: O | R27: O
D28: null | G28: O | I28: O
D29: 20 characters string | N29: O
D30: 21 characters string | O30: O
B31: Description
D32: "A valid facility for testing" | F32: O | H32: O | I32: O | K32: O | L32: O | M32: O | N32: O | O32: O | R32: O
D33: null | G33: O | J33: O
D34: 50 characters string | P34: O
D35: 51 characters string | Q35: O
B36: RoleId
D37: 1 | F37: O | H37: O | I37: O | J37: O | L37: O | M37: O | N37: O | O37: O | P37: O | Q37: O | R37: O
D38: 9999 | K38: O
D39: null | G39: O
A40: Confirm | B40: Return
D41: T | F41: O | L41: O | N41: O | P41: O
D42: F | G42: O | H42: O | I42: O | J42: O | K42: O | M42: O | O42: O | Q42: O
B43: Exception
D44: InvalidOperationException | R44: O
B45: Log message
D46: "Expected AddNewFacility to return true for a valid facility." | F46: O
D47: "Expected false when trying to add a null facility." | G47: O
D48: "Expected false when FacilityName is empty." | H48: O
D49: "Expected false when UnitOfMeasure is empty." | I49: O
D50: "Expected false when Description is empty." | J50: O
D51: "Expected false since the specified RoleId does not exist." | K51: O
D52: "Simulated DB error"" | R52: O
A53: Result | B53: Type(N : Normal, A : Abnormal, B : Boundary) | F53: N | G53: A | H53: A | I53: A | J53: A | K53: A | L53: B | M53: B | N53: B | O53: B | P53: B | Q53: B | R53: A
B54: Passed/Failed | F54: P | G54: P | H54: P | I54: P | J54: P | K54: P | L54: P | M54: P | N54: P | O54: P | P54: P | Q54: P | R54: P
B55: Executed Date | F55: 45700 | G55: 45700 | H55: 45700 | I55: 45700 | J55: 45700 | K55: 45700 | L55: 45700 | M55: 45700 | N55: 45700 | O55: 45700 | P55: 45700 | Q55: 45700 | R55: 45700
B56: Defect ID

Sheet Add New Room Facility
A2: Function Code | C2: RoomFacility - 3 | F2: Function Name | L2: Add New Room Facility
A3: Created By | C3: Nguyễn Thanh Tuấn | F3: Executed By | L3: Nguyễn Thanh Tuấn
A4: Lines of code | C4: 268 | F4: Lack of test cases | L4: 0
A5: Test requirement
A6: Passed | C6: Failed | F6: Untested | L6: N/A/B | O6: Total Test Cases
A7: =COUNTIF(F53:HQ53,"P") | C7: =COUNTIF(F54:HQ54,"F") | F7: =SUM(O7,- A7,- C7) | L7: =COUNTIF(E52:HQ52,"N") | M7: =COUNTIF(E52:HQ52,"A") | N7: =COUNTIF(E52:HQ52,"B") | O7: =COUNTA(E9:HT9)
F9: UTCID01 | G9: UTCID02 | H9: UTCID03 | I9: UTCID04 | J9: UTCID05 | K9: UTCID06 | L9: UTCID07 | M9: UTCID08 | N9: UTCID09 | O9: UTCID10 | P9: UTCID11 | Q9: UTCID12 | R9: UTCID13
A10: Condition | B10: Precondition
D11: Can connect with SQL Server | F11: O | G11: O | H11: O | I11: O | J11: O | L11: O | M11: O | N11: O | O11: O | P11: O | Q11: O
D12: Login with Authorize Account | F12: O | G12: O | H12: O | I12: O | J12: O | K12: O | L12: O | M12: O | N12: O | O12: O | P12: O | Q12: O | R12: O
D13: RoomId Existed | F13: O | H13: O | I13: O | J13: O | K13: O | M13: O | N13: O | O13: O | P13: O | Q13: O | R13: O
D14: RoomId Does not Existed | G14: O | L14: O
B15: RoomId
D16: Guid | F16: O | H16: O | I16: O | J16: O | K16: O | L16: O | M16: O | N16: O | O16: O | P16: O | Q16: O | R16: O
D17: null | G17: O
B18: FacilityName
D19: "Projector" | F19: O | I19: O | J19: O | K19: O | L19: O | O19: O | P19: O | Q19: O | R19: O
D20: null | G20: O | H20: O
D21: 50 characters string | M21: O
D22: 51 characters string | N22: O
B23: TotalQuantity
D24: 5 | F24: O | H24: O | I24: O | J24: O | K24: O | L24: O | M24: O | N24: O | O24: O | P24: O | Q24: O | R24: O
D25: null | G25: O
B26: AvailableQuantity
D27: 3 | F27: O | H27: O | I27: O | J27: O | K27: O | L27: O | M27: O | N27: O | O27: O | P27: O | Q27: O | R27: O
D28: null | G28: O
B29: UnitOfMeasure
D30: "pcs" | F30: O | H30: O | J30: O | K30: O | L30: O | M30: O | N30: O | Q30: O | R30: O
D31: null | G31: O | I31: O
D32: 20 characters string | O32: O
D33: 21 characters string | P33: O
B34: Description
D35: "A projector for presentations" | F35: O | H35: O | I35: O | K35: O | L35: O | M35: O | N35: O | O35: O | P35: O
D36: null | G36: O | J36: O
D37: 50 characters string | Q37: O
D38: 51 characters string | R38: O
A39: Confirm | B39: Return
D40: T | F40: O | M40: O | O40: O | Q40: O
D41: F | G41: O | H41: O | I41: O | J41: O | L41: O | N41: O | P41: O | R41: O
B42: Exception
D43: InvalidOperationException | K43: O
B44: Log message
D45: "Expected AddNewRoomFacility to return true for a valid room facility." | F45: O
D46: "Expected AddNewRoomFacility to return false for a null room facility DTO." | G46: O
D47: "Expected AddNewRoomFacility to return false when FacilityName is empty." | H47: O
D48: "Expected AddNewRoomFacility to return false when UnitOfMeasure is empty." | I48: O
D49: "Expected AddNewRoomFacility to return false when Description is empty." | J49: O
D50: "Expected AddNewRoomFacility to return false when RoomId does not exist." | L50: O
D51: "Simulated DB error"" | K51: O
A52: Result | B52: Type(N : Normal, A : Abnormal, B : Boundary) | F52: N | G52: A | H52: A | I52: A | J52: A | K52: A | L52: A | M52: B | N52: B | O52: B | P52: B | Q52: B | R52: B
B53: Passed/Failed | F53: P | G53: P | H53: P | I53: P | J53: P | K53: P | L53: P | M53: P | N53: P | O53: P | P53: P | Q53: P | R53: P
B54: Executed Date | F54: 45700 | G54: 45700 | H54: 45700 | I54: 45700 | J54: 45700 | K54: 45700 | L54: 45700 | M54: 45700 | N54: 45700 | O54: 45700 | P54: 45700 | Q54: 45700 | R54: 45700
B55: Defect ID

Sheet Add New User
A2: Function Code | C2: User - 3 | F2: Function Name | L2: Add New User
A3: Created By | C3: Nguyễn Hữu Duy | F3: Executed By | L3: Nguyễn Hữu Duy
A4: Lines of code | C4: 417 | F4: Lack of test cases | L4: 0
A5: Test requirement
A6: Passed | C6: Failed | F6: Untested | L6: N/A/B | O6: Total Test Cases
A7: =COUNTIF(F67:HQ67,"P") | C7: =COUNTIF(F68:HQ68,"F") | F7: =SUM(O7,- A7,- C7) | L7: =COUNTIF(E66:HQ66,"N") | M7: =COUNTIF(E66:HQ66,"A") | N7: =COUNTIF(E66:HQ66,"B") | O7: =COUNTA(E9:HT9)
F9: UTCID01 | G9: UTCID02 | H9: UTCID03 | I9: UTCID04 | J9: UTCID05 | K9: UTCID06 | L9: UTCID07 | M9: UTCID08 | N9: UTCID09 | O9: UTCID10 | P9: UTCID11 | Q9: UTCID12 | R9: UTCID13 | S9: UTCID14 | T9: UTCID15 | U9: UTCID16 | V9: UTCID17 | W9: UTCID18 | X9: UTCID19 | Y9: UTCID20
A10: Condition | B10: Precondition
D11: Can connect with SQL Server | F11: O | G11: O | H11: O | I11: O | J11: O | K11: O | L11: O | M11: O | N11: O | P11: O | Q11: O | R11: O | S11: O | T11: O | U11: O | V11: O | W11: O | X11: O | Y11: O
D12: Login with Authorize Account | F12: O | G12: O | H12: O | I12: O | J12: O | K12: O | L12: O | M12: O | N12: O | O12: O | P12: O | Q12: O | R12: O | S12: O | T12: O | U12: O | V12: O | W12: O | X12: O | Y12: O
D13: RoleId Existed | F13: O | H13: O | I13: O | J13: O | K13: O | L13: O | M13: O | P13: O | Q13: O | R13: O | S13: O | T13: O | U13: O | V13: O | W13: O | X13: O | Y13: O
D14: RoleId Does not Existed | G14: O | N14: O | O14: O
B15: UserId
D16: Guid | F16: O | H16: O | I16: O | J16: O | K16: O | L16: O | M16: O | N16: O | O16: O | P16: O | Q16: O | R16: O | S16: O | T16: O | U16: O | V16: O | W16: O | X16: O | Y16: O
D17: null | G17: O
B18: UserCode
D19: "USER001" | F19: O | H19: O | I19: O | K19: O | L19: O | M19: O | N19: O | O19: O | R19: O | S19: O | T19: O | U19: O | V19: O | W19: O | X19: O | Y19: O
D20: null | G20: O | J20: O
D21: 15 character strings | P21: O
D22: 16 character strings | Q22: O
B23: Email
D24: user1@example.com | F24: O | J24: O | K24: O | L24: O | M24: O | N24: O | O24: O | P24: O | Q24: O | T24: O | U24: O | V24: O | W24: O | X24: O | Y24: O
D25: "invalid-email" | H25: O
D26: null | G26: O | I26: O
D27: 50 character strings | R27: O
D28: 51 character strings | S28: O
B29: RoleId
D30: 1 | F30: O | H30: O | I30: O | J30: O | K30: O | L30: O | M30: O | O30: O | P30: O | Q30: O | R30: O | S30: O | T30: O | U30: O | V30: O | W30: O | X30: O | Y30: O
D31: 9999 | N31: O
D32: null | G32: O
B33: Fullname
D34: "User One" | F34: O | H34: O | I34: O | J34: O | K34: O | L34: O | M34: O | N34: O | O34: O | P34: O | Q34: O | R34: O | S34: O | V34: O | W34: O | X34: O | Y34: O
D35: null | G35: O
D36: 50 character strings | T36: O
D37: 51 character strings | U37: O
B38: PhoneNumber
D39: "1234567890" | F39: O | H39: O | I39: O | J39: O | L39: O | N39: O | O39: O | P39: O | Q39: O | R39: O | S39: O | T39: O | U39: O | X39: O | Y39: O
D40: "invalid-phone-number" | M40: O
D41: null | G41: O | K41: O
D42: 15 character strings | V42: O
D43: 16 character strings | W43: O
B44: Address
D45: "Address One" | F45: O | H45: O | I45: O | J45: O | K45: O | M45: O | N45: O | O45: O | P45: O | Q45: O | R45: O | S45: O | T45: O | U45: O | V45: O | W45: O
D46: null | G46: O | L46: O
D47: 125 character strings | X47: O
D48: 126 character strings | Y48: O
A50: Confirm | B50: Return
D51: T | F51: O | P51: O | R51: O | T51: O | V51: O | X51: O
D52: F | G52: O | H52: O | I52: O | J52: O | K52: O | L52: O | M52: O | N52: O | Q52: O | S52: O | U52: O | W52: O | Y52: O
B53: Exception
D54: InvalidOperationException | O54: O
B55: Log message
D56: "Expected AddNewUser to return true for a valid user." | F56: O
D57: "Expected AddNewUser to return false for a null user DTO." | G57: O
D58: "Expected AddNewUser to return false for an invalid email." | H58: O
D59: "Expected AddNewUser to return false when Email is empty." | I59: O
D60: Expected AddNewUser to return false when UserCode is empty." | J60: O
D61: "Expected AddNewUser to return false when PhoneNumber is empty." | K61: O
D62: Expected AddNewUser to return false when Address is empty. | L62: O
D63: Expected AddNewUser to return false for an invalid phone number. | M63: O
D64: "Expected AddNewUser to return false when RoleId does not exist." | N64: O
D65: "Simulated DB error" | O65: O
A66: Result | B66: Type(N : Normal, A : Abnormal, B : Boundary) | F66: N | G66: A | H66: A | I66: A | J66: A | K66: A | L66: A | M66: A | N66: A | O66: A | P66: B | Q66: B | R66: B | S66: B | T66: B | U66: B | V66: B | W66: B | X66: B | Y66: B
B67: Passed/Failed | F67: P | G67: P | H67: P | I67: P | J67: P | K67: P | L67: P | M67: P | N67: P | O67: P | P67: P | Q67: P | R67: P | S67: P | T67: P | U67: P | V67: P | W67: P | X67: P | Y67: P
B68: Executed Date | F68: 45706 | G68: 45706 | H68: 45706 | I68: 45706 | J68: 45706 | K68: 45706 | L68: 45706 | M68: 45706 | N68: 45706 | O68: 45706 | P68: 45706 | Q68: 45706 | R68: 45706 | S68: 45706 | T68: 45706 | U68: 45706 | V68: 45706 | W68: 45706 | X68: 45706 | Y68: 45706
B69: Defect ID

Sheet Create Borrow Request
A1: Function Code | C1: Borrowing - 1 | F1: Function Name | L1: Create Borrow Request
A2: Created By | C2: Nguyễn Hữu Duy | F2: Executed By | L2: Nguyễn Hữu Duy
A3: Lines of code | C3: 615 | F3: Lack of test cases | L3: 0
A4: Test requirement
A5: Passed | C5: Failed | F5: Untested | L5: N/A/B | O5: Total Test Cases
A6: =COUNTIF(F74:HQ74,"P") | C6: =COUNTIF(F75:HQ75,"F") | F6: =SUM(O6,- A6,- C6) | L6: =COUNTIF(E73:HQ73,"N") | M6: =COUNTIF(E73:HQ73,"A") | N6: =COUNTIF(E73:HQ73,"B") | O6: =COUNTA(E8:HT8)
F8: UTCID01 | G8: UTCID02 | H8: UTCID03 | I8: UTCID04 | J8: UTCID05 | K8: UTCID06 | L8: UTCID07 | M8: UTCID08 | N8: UTCID09 | O8: UTCID10 | P8: UTCID11 | Q8: UTCID12 | R8: UTCID13 | S8: UTCID14
A9: Condition | B9: Precondition
D10: Can connect with SQL Server | F10: O | G10: O | H10: O | I10: O | J10: O | K10: O | L10: O | M10: O | N10: O | P10: O | Q10: O | R10: O
D11: Login with Authorize Account | F11: O | G11: O | H11: O | I11: O | J11: O | K11: O | L11: O | M11: O | N11: O | O11: O | P11: O | Q11: O | R11: O | S11: O
D12: Status Existed | F12: O | H12: O | I12: O | K12: O | L12: O | M12: O | N12: O | O12: O | P12: O | Q12: O | R12: O
D13: Status does not exist | G13: O | J13: O | S13: O
D14: Department Existed | F14: O | H14: O | I14: O | J14: O | L14: O | M14: O | N14: O | O14: O | P14: O | Q14: O | R14: O
D15: Department does not exist | G15: O | K15: O | S15: O
D16: Borrower Existed | F16: O | H16: O | I16: O | J16: O | K16: O | M16: O | N16: O | O16: O | Q16: O | R16: O
D17: Borrower does not Exist | G17: O | L17: O | P17: O | S17: O
D18: Instructor Existed | F18: O | H18: O | I18: O | J18: O | K18: O | L18: O | N18: O | O18: O | P18: O | R18: O
D19: Instructor does not Exist | G19: O | M19: O | Q19: O
B20: BorrowerId | S20: O
D21: Guid | F21: O | H21: O | I21: O | J21: O | K21: O | M21: O | N21: O | O21: O | P21: O | Q21: O | R21: O | S21: O
D22: null | G22: O | L22: O
B23: InstructorId
D24: Guid | F24: O | H24: O | I24: O | J24: O | K24: O | L24: O | N24: O | O24: O | P24: O | Q24: O | R24: O | S24: O
D25: null | G25: O | M25: O
B26: Department
D27: 1 | F27: O | H27: O | I27: O | J27: O | L27: O | M27: O | N27: O | O27: O | P27: O | Q27: O | R27: O | S27: O
D28: 9999 | K28: O
D29: null | G29: O
B30: StartTime
D31: 45704 | F31: O | H31: O | J31: O | K31: O | L31: O | M31: O | O31: O | P31: O | Q31: O | R31: O | S31: O
D32: 45706 | I32: O
D33: null | G33: O | N33: O
B34: EndTime
D35: 45705 | F35: O | H35: O | I35: O | J35: O | K35: O | L35: O | M35: O | N35: O | P35: O | Q35: O | R35: O | S35: O
D36: 45704
D37: null | G37: O | O37: O
B38: Type
D39: TRUE | F39: O | H39: O | I39: O | J39: O | K39: O | L39: O | M39: O | N39: O | O39: O | P39: O | Q39: O | R39: O | S39: O
D40: null | G40: O
B41: FileUrl
D42: http://example.com/file.pdf | F42: O | H42: O | I42: O | J42: O | K42: O | L42: O | M42: O | N42: O | O42: O | P42: O | Q42: O | R42: O | S42: O
D43: null | G43: O
B44: Status
D45: 1 | F45: O | H45: O | I45: O | K45: O | L45: O | M45: O | N45: O | O45: O | P45: O | Q45: O | R45: O | S45: O
D46: 9999 | J46: O
D47: null | G47: O
B48: borrowingDetails
D49: { {Guid.NewGuid() , 1}} | F49: O | I49: O | J49: O | K49: O | L49: O | M49: O | N49: O | O49: O | P49: O | Q49: O | S49: O
D50: { {"invalid id" , 2}} | R50: O
D51: null | G51: O | H51: O
A52: Confirm | B52: Return
D53: T | F53: O
D54: F | G54: O | H54: O | I54: O | J54: O | K54: O | L54: O | M54: O | N54: O | O54: O | P54: O | Q54: O | R54: O | S54: O
B55: Exception
D56: InvalidOperationException | S56: O
D57: ArguementNullException | H57: O | L57: O | M57: O | N57: O | O57: O
B58: Log message
D59: "Expected CreateBorrowRequest to return true for valid input." | F59: O
D60: "Expected CreateBorrowRequest to return false when DTO is null." | G60: O
D61: "Expected CreateBorrowRequest to return false when borrowing details are null." | H61: O
D62: "Expected CreateBorrowRequest to return false when EndTime is before StartTime." | I62: O
D63: "Expected CreateBorrowRequest to return false for an invalid status." | J63: O
D64: "Expected CreateBorrowRequest to return false when Department does not exist." | K64: O
D65: "Expected CreateBorrowRequest to return false when BorrowerId is null or invalid." | L65: O
D66: "Expected CreateBorrowRequest to return false when InstructorId is null or invalid." | M66: O
D67: "Expected CreateBorrowRequest to return false when StartTime is null or invalid." | N67: O
D68: "Expected CreateBorrowRequest to return false when EndTime is null or invalid." | O68: O
D69: "Expected CreateBorrowRequest to return false when FacilityId does not exist." | R69: O
D70: "Expected CreateBorrowRequest to return false when BorrowerId does not exist." | P70: O
D71: "Expected CreateBorrowRequest to return false when InstructorId does not exist." | Q71: O
D72: "Database connection failed" | S72: O
A73: Result | B73: Type(N : Normal, A : Abnormal, B : Boundary) | F73: N | G73: N | H73: A | I73: N | J73: N | K73: N | L73: A | M73: A | N73: A | O73: A | P73: N | Q73: N | R73: B | S73: A
B74: Passed/Failed | F74: P | G74: P | H74: P | I74: P | J74: P | K74: P | L74: P | M74: P | N74: P | O74: P | P74: P | Q74: P | R74: P | S74: P
B75: Executed Date | F75: 45708 | G75: 45708 | H75: 45708 | I75: 45708 | J75: 45708 | K75: 45708 | L75: 45708 | M75: 45708 | N75: 45708 | O75: 45708 | P75: 45708 | Q75: 45708 | R75: 45708 | S75: 45708
B76: Defect ID

Sheet Change Borrow Status
A2: Function Code | C2: Borrowing - 6 | F2: Function Name | L2: Change Borrow Status
A3: Created By | C3: Nguyễn Hữu Duy | F3: Executed By | L3: Nguyễn Hữu Duy
A4: Lines of code | C4: 202 | F4: Lack of test cases | L4: 0
A5: Test requirement
A6: Passed | C6: Failed | F6: Untested | L6: N/A/B | O6: Total Test Cases
A7: =COUNTIF(F55:HQ55,"P") | C7: =COUNTIF(F56:HQ56,"F") | F7: =SUM(O7,- A7,- C7) | L7: =COUNTIF(E54:HQ54,"N") | M7: =COUNTIF(E54:HQ54,"A") | N7: =COUNTIF(E54:HQ54,"B") | O7: =COUNTA(E9:HT9)
F9: UTCID01 | G9: UTCID02 | H9: UTCID03 | I9: UTCID04 | J9: UTCID05 | K9: UTCID06 | L9: UTCID07 | M9: UTCID08 | N9: UTCID09 | O9: UTCID10
A10: Condition | B10: Precondition
D11: Can connect with SQL Server | F11: O | G11: O | H11: O | I11: O | J11: O | K11: O | L11: O | M11: O | N11: O
D12: Login with Authorize Account | F12: O | G12: O | H12: O | I12: O | J12: O | K12: O | L12: O | M12: O | N12: O | O12: O
D13: BorrowId Existed | F13: O | G13: O | H13: O | I13: O | K13: O | L13: O | M13: O
D14: BorrowId does not exist | J14: O | N14: O | O14: O
D15: RoleId Existed | F15: O | G15: O | H15: O | I15: O | J15: O | L15: O | M15: O
D16: RoleId does not exist | K16: O | N16: O | O16: O
D17: UpdaterGuid Existed | F17: O | G17: O | H17: O | I17: O | J17: O | K17: O | M17: O
D18: UpdaterGuid does not Exist | L18: O | N18: O | O18: O
D19: Status Existed | F19: O | G19: O | H19: O | I19: O | J19: O | K19: O | L19: O
D20: Status does not Exist | M20: O | N20: O | O20: O
B21: BorrowId
D22: Guid | F22: O | G22: O | H22: O | I22: O | J22: O | K22: O | L22: O | M22: O | O22: O
D23: null | N23: O
B24: RoleId
D25: 3 | F25: O | G25: O | H25: O | I25: O | J25: O | L25: O | M25: O | O25: O
D26: 9999 | K26: O
D27: null | N27: O
B28: UpdaterGuid
D29: Guid | F29: O | G29: O | H29: O | I29: O | J29: O | K29: O | L29: O | M29: O | O29: O
D30: null | N30: O
B31: Status
D32: 0 | I32: O | J32: O | K32: O | L32: O | O32: O
D33: 2 | F33: O
D34: 3 | G34: O
D35: 4 | H35: O
D36: 9999 | M36: O
D37: null | N37: O
A38: Confirm | B38: Return
D39: T | F39: O | G39: O | H39: O | I39: O
D40: F | J40: O | K40: O | L40: O | M40: O | N40: O | O40: O
B41: Exception
D42: InvalidOperationException | O42: O
D43: ArguementNullException | N43: O
B44: Log message
D45: "Return true for successfully changing status to Accepted" | F45: O
D46: "Return true for successfully changing status to In Usage" | G46: O
D47: "Return true for successfully changing status to Completed" | H47: O
D48: "Return true for successfully changing status to Cancel" | I48: O
D49: "Expected ChangeBorrowingStatus to return false when BorrowId does not exist." | J49: O
D50: "Expected ChangeBorrowingStatus to return false when RoleId does not exist." | K50: O
D51: "Expected ChangeBorrowingStatus to return false when UpdaterGuid does not exist." | L51: O
D52: "Expected ChangeBorrowingStatus to return false for an invalid status." | M52: O
D53: "Database connection failed" | O53: O
A54: Result | B54: Type(N : Normal, A : Abnormal, B : Boundary) | F54: N | G54: A | H54: A | I54: A | J54: A | K54: A | L54: A | M54: A | N54: A | O54: A
B55: Passed/Failed | F55: P | G55: P | H55: P | I55: P | J55: P | K55: P | L55: P | M55: P | N55: P | O55: P
B56: Executed Date | F56: 45708 | G56: 45708 | H56: 45708 | I56: 45708 | J56: 45708 | K56: 45708 | L56: 45708 | M56: 45708 | N56: 45708 | O56: 45708
B57: Defect ID

Sheet Update User Profile
A2: Function Code | C2: User - 7 | F2: Function Name | L2: Update User Profile
A3: Created By | C3: Nguyễn Hữu Duy | F3: Executed By | L3: Nguyễn Hữu Duy
A4: Lines of code | C4: 286 | F4: Lack of test cases | L4: 0
A5: Test requirement
A6: Passed | C6: Failed | F6: Untested | L6: N/A/B | O6: Total Test Cases
A7: =COUNTIF(F57:HQ57,"P") | C7: =COUNTIF(F58:HQ58,"F") | F7: =SUM(O7,- A7,- C7) | L7: =COUNTIF(E56:HQ56,"N") | M7: =COUNTIF(E56:HQ56,"A") | N7: =COUNTIF(E56:HQ56,"B") | O7: =COUNTA(E9:HT9)
F9: UTCID01 | G9: UTCID02 | H9: UTCID03 | I9: UTCID04 | J9: UTCID05 | K9: UTCID06 | L9: UTCID07 | M9: UTCID08 | N9: UTCID09 | O9: UTCID10 | P9: UTCID11 | Q9: UTCID12 | R9: UTCID13 | S9: UTCID14 | T9: UTCID15
A10: Condition | B10: Precondition
D11: Can connect with SQL Server | F11: O | G11: O | H11: O | I11: O | K11: O | L11: O | M11: O | N11: O | P11: O | Q11: O | R11: O | S11: O | T11: O
D12: Login with Authorize Account | F12: O | G12: O | H12: O | I12: O | J12: O | K12: O | L12: O | M12: O | N12: O | O12: O | P12: O | Q12: O | R12: O | S12: O | T12: O
D13: UserId Existed | F13: O | I13: O | K13: O | L13: O | M13: O | N13: O | O13: O | P13: O | Q13: O | R13: O | S13: O | T13: O
D14: UserId Does not Existed | G14: O | H14: O | J14: O
D15: RoleId Existed | F15: O | H15: O | I15: O | K15: O | L15: O | M15: O | N15: O | O15: O | P15: O | Q15: O | R15: O | S15: O | T15: O
D16: RoleId Does not Existed | G16: O | J16: O | N16: O
B17: UserId
D18: Guid | F18: O | H18: O | I18: O | J18: O | K18: O | L18: O | M18: O | N18: O | O18: O | P18: O | Q18: O | R18: O | S18: O | T18: O
D19: null | G19: O
B20: RoleId
D21: 1 | F21: O | H21: O | I21: O | J21: O | K21: O | L21: O | M21: O | O21: O | P21: O | Q21: O | R21: O | S21: O | T21: O
D22: 9999 | N22: O
D23: null | G23: O
B24: Fullname
D25: "User One" | F25: O | H25: O | I25: O | J25: O | L25: O | M25: O | N25: O | Q25: O | R25: O | S25: O | T25: O
D26: null | G26: O | K26: O
D27: 50 character strings | O27: O
D28: 51 character strings | P28: O
B29: PhoneNumber
D30: "1234567890" | F30: O | H30: O | J30: O | K30: O | M30: O | N30: O | O30: O | P30: O | S30: O | T30: O
D31: "invalid-phone-number" | I31: O
D32: null | G32: O | L32: O
D33: 15 character strings | Q33: O
D34: 16 character strings | R34: O
B35: Address
D36: "Address One" | F36: O | H36: O | I36: O | J36: O | K36: O | L36: O | N36: O | O36: O | P36: O | Q36: O | R36: O
D37: null | G37: O | M37: O
D38: 125 character strings | S38: O
D39: 126 character strings | T39: O
A41: Confirm | B41: Return
D42: T | F42: O
D43: F | G43: O | H43: O | I43: O | K43: O | L43: O | M43: O | N43: O | O43: O | Q43: O | S43: O
B44: Exception | P44: O | R44: O | T44: O
D45: InvalidOperationException | J45: O
B46: Log message
D47: "Expected UpdateUserProfile to return true for a valid update." | F47: O
D48: "Expected UpdateUserProfile to return false for a null DTO." | G48: O
D49: "Expected UpdateUserProfile to return false for a non-existent UserId." | H49: O
D50: "Expected UpdateUserProfile to return false for an invalid phone number format." | I50: O
D51: "Expected UpdateUserProfile to return false when FullName is empty." | K51: O
D52: "Expected UpdateUserProfile to return false when PhoneNumber is empty." | L52: O
D53: "Expected UpdateUserProfile to return false when Address is empty." | M53: O
D54: "Expected UpdateUserProfile to return false for a non-existent RoleId." | N54: O
D55: "Simulated DB error" | J55: O
A56: Result | B56: Type(N : Normal, A : Abnormal, B : Boundary) | F56: N | G56: A | H56: A | I56: A | J56: A | K56: A | L56: A | M56: A | N56: A | O56: B | P56: B | Q56: B | R56: B | S56: B | T56: B
B57: Passed/Failed | F57: P | G57: P | H57: P | I57: P | J57: P | K57: P | L57: P | M57: P | N57: P | O57: P | P57: P | Q57: P | R57: P | S57: P | T57: P
B58: Executed Date | F58: 45706 | G58: 45706 | H58: 45706 | I58: 45706 | J58: 45706 | K58: 45706 | L58: 45706 | M58: 45706 | N58: 45706 | O58: 45706 | P58: 45706 | Q58: 45706 | R58: 45706 | S58: 45706 | T58: 45706
B59: Defect ID

Sheet Update Facility
A2: Function Code | C2: Facility - 5 | F2: Function Name | L2: Update Facility
A3: Created By | C3: Nguyễn Thanh Tuấn | F3: Executed By | L3: Nguyễn Thanh Tuấn
A4: Lines of code | C4: 347 | F4: Lack of test cases | L4: 0
A5: Test requirement
A6: Passed | C6: Failed | F6: Untested | L6: N/A/B | O6: Total Test Cases
A7: =COUNTIF(F64:HQ64,"P") | C7: =COUNTIF(F65:HQ65,"F") | F7: =SUM(O7,- A7,- C7) | L7: =COUNTIF(E63:HQ63,"N") | M7: =COUNTIF(E63:HQ63,"A") | N7: =COUNTIF(E63:HQ63,"B") | O7: =COUNTA(E9:HT9)
F9: UTCID01 | G9: UTCID02 | H9: UTCID03 | I9: UTCID04 | J9: UTCID05 | K9: UTCID06 | L9: UTCID07 | M9: UTCID08 | N9: UTCID09 | O9: UTCID10 | P9: UTCID11 | Q9: UTCID12 | R9: UTCID13 | S9: UTCID14 | T9: UTCID15
A10: Condition | B10: Precondition
D11: Can connect with SQL Server | F11: O | G11: O | H11: O | J11: O | K11: O | L11: O | M11: O | N11: O | O11: O | P11: O | Q11: O | R11: O | S11: O | T11: O
D12: Login with Authorize Account | F12: O | G12: O | H12: O | I12: O | J12: O | K12: O | L12: O | M12: O | N12: O | O12: O | P12: O | Q12: O | R12: O | S12: O | T12: O
D13: Facility Existed | F13: O | I13: O | J13: O | K13: O | L13: O | M13: O | N13: O | O13: O | P13: O | Q13: O | R13: O | S13: O | T13: O
D14: Facility Does Not Existed | G14: O | H14: O
D15: RoleId Existed | F15: O | H15: O | I15: O | J15: O | K15: O | L15: O | M15: O | N15: O | O15: O | P15: O | Q15: O | R15: O
D16: RoleId Does not Existed | G16: O | S16: O
D17: StatusId Existed | F17: O | H17: O | I17: O | J17: O | K17: O | L17: O | M17: O | N17: O | O17: O | P17: O | Q17: O | R17: O
D18: StatusId Does not Existed | G18: O | T18: O
B19: FacilityName
D20: "Test Facility" | F20: O | H20: O | I20: O | K20: O | L20: O | O20: O | P20: O | Q20: O | R20: O | S20: O | T20: O
D21: null | G21: O | J21: O
D22: 50 characters string | M22: O
D23: 51 characters string | N23: O
B24: TotalQuantity
D25: 100 | F25: O | H25: O | I25: O | J25: O | K25: O | L25: O | M25: O | N25: O | O25: O | P25: O | Q25: O | R25: O | S25: O | T25: O
D26: null | G26: O
B27: AvailableQuantity
D28: 100 | F28: O | H28: O | I28: O | J28: O | K28: O | L28: O | M28: O | N28: O | O28: O | P28: O | Q28: O | R28: O | S28: O | T28: O
D29: null | G29: O
B30: UnitOfMeasure
D31: "pcs" | F31: O | H31: O | I31: O | J31: O | L31: O | M31: O | N31: O | Q31: O | R31: O | S31: O | T31: O
D32: null | G32: O | K32: O
D33: 20 characters string | O33: O
D34: 21 characters string | P34: O
B35: Description
D36: "A valid facility update" | F36: O | H36: O | I36: O | J36: O | K36: O | M36: O | N36: O | O36: O | P36: O | S36: O | T36: O
D37: null | G37: O | L37: O
D38: 50 characters string | Q38: O
D39: 51 characters string | R39: O
B40: RoleId
D41: 1 | F41: O | H41: O | I41: O | J41: O | K41: O | L41: O | M41: O | N41: O | O41: O | P41: O | Q41: O | R41: O | T41: O
D42: 9999 | S42: O
D43: null | G43: O
B44: StatusId
D45: 1 | F45: O | H45: O | I45: O | J45: O | K45: O | L45: O | M45: O | N45: O | O45: O | P45: O | Q45: O | R45: O | S45: O
D46: 9999 | T46: O
D47: null | G47: O
A48: Confirm | B48: Return
D49: T | F49: O | M49: O | O49: O | Q49: O
D50: F | G50: O | H50: O | J50: O | K50: O | L50: O | N50: O | P50: O | R50: O | S50: O | T50: O
B51: Exception
D52: InvalidOperationException | I52: O
B53: Log message
D54: "Expected UpdateFacility to return true for valid data." | F54: O
D55: "Expected UpdateFacility to return false if the facility DTO is null." | G55: O
D56: "Expected UpdateFacility to return false for a non-existent facility." | H56: O
D57: "Expected false when FacilityName is empty." | J57: O
D58: "Expected false when UnitOfMeasure is empty." | K58: O
D59: "Expected false when Description is empty." | L59: O
D60: "Expected false because the specified RoleId does not exist." | S60: O
D61: "Expected false because the specified StatusId does not exist." | T61: O
D62: "Simulated DB error" | I62: O
A63: Result | B63: Type(N : Normal, A : Abnormal, B : Boundary) | F63: N | G63: A | H63: A | I63: A | J63: A | K63: A | L63: A | M63: B | N63: B | O63: B | P63: B | Q63: B | R63: B | S63: A | T63: A
B64: Passed/Failed | F64: P | G64: P | H64: P | I64: P | J64: P | K64: P | L64: P | M64: P | N64: P | O64: P | P64: P | Q64: P | R64: P | S64: P | T64: P
B65: Executed Date | F65: 45700 | G65: 45700 | H65: 45700 | I65: 45700 | J65: 45700 | K65: 45700 | L65: 45700 | M65: 45700 | N65: 45700 | O65: 45700 | P65: 45700 | Q65: 45700 | R65: 45700 | S65: 45700 | T65: 45700
B66: Defect ID

Sheet Update Room Facility
A2: Function Code | C2: RoomFacility - 4 | F2: Function Name | L2: Update Room Facility
A3: Created By | C3: Nguyễn Thanh Tuấn | F3: Executed By | L3: Nguyễn Thanh Tuấn
A4: Lines of code | C4: 307 | F4: Lack of test cases | L4: 0
A5: Test requirement
A6: Passed | C6: Failed | F6: Untested | L6: N/A/B | O6: Total Test Cases
A7: =COUNTIF(F66:HQ66,"P") | C7: =COUNTIF(F67:HQ67,"F") | F7: =SUM(O7,- A7,- C7) | L7: =COUNTIF(E65:HQ65,"N") | M7: =COUNTIF(E65:HQ65,"A") | N7: =COUNTIF(E65:HQ65,"B") | O7: =COUNTA(E9:HT9)
F9: UTCID01 | G9: UTCID02 | H9: UTCID03 | I9: UTCID04 | J9: UTCID05 | K9: UTCID06 | L9: UTCID07 | M9: UTCID08 | N9: UTCID09 | O9: UTCID10 | P9: UTCID11 | Q9: UTCID12 | R9: UTCID13 | S9: UTCID14 | T9: UTCID15
A10: Condition | B10: Precondition
D11: Can connect with SQL Server | F11: O | G11: O | H11: O | J11: O | K11: O | L11: O | M11: O | O11: O | P11: O | Q11: O | R11: O | S11: O | T11: O
D12: Login with Authorize Account | F12: O | G12: O | H12: O | I12: O | J12: O | K12: O | L12: O | M12: O | N12: O | O12: O | P12: O | Q12: O | R12: O | S12: O | T12: O
D13: Room Facility Existed | F13: O | I13: O | J13: O | K13: O | L13: O | M13: O | N13: O | O13: O | P13: O | Q13: O | R13: O | S13: O | T13: O
D14: Room Facility Does Not Existed | G14: O | H14: O
D15: RoomId Existed | F15: O | H15: O | I15: O | J15: O | K15: O | M15: O | N15: O | O15: O | P15: O | Q15: O | R15: O | S15: O | T15: O
D16: RoomId Does not Existed | G16: O | L16: O
D17: StatusId Existed | F17: O | H17: O | I17: O | J17: O | K17: O | L17: O | N17: O | O17: O | P17: O | Q17: O | R17: O | S17: O | T17: O
D18: StatusId Does not Existed | G18: O | M18: O
B19: RoomFacilityId
D20: Guid | F20: O | H20: O | I20: O | J20: O | K20: O | L20: O | M20: O | N20: O | O20: O | P20: O | Q20: O | R20: O | S20: O | T20: O
D21: null | G21: O
B22: RoomId
D23: Guid | F23: O | H23: O | I23: O | J23: O | K23: O | L23: O | M23: O | N23: O | O23: O | P23: O | Q23: O | R23: O | S23: O | T23: O
D24: null | G24: O
B25: FacilityName
D26: "Updated Projector" | F26: O | H26: O | J26: O | K26: O | L26: O | M26: O | N26: O | Q26: O | R26: O | S26: O | T26: O
D27: null | G27: O | I27: O
D28: 50 characters string | O28: O
D29: 51 characters string | P29: O
B30: TotalQuantity
D31: 5 | F31: O | H31: O | I31: O | J31: O | K31: O | L31: O | M31: O | N31: O | O31: O | P31: O | Q31: O | R31: O | S31: O | T31: O
D32: null | G32: O
B33: AvailableQuantity
D34: 3 | F34: O | H34: O | I34: O | J34: O | K34: O | L34: O | M34: O | N34: O | O34: O | P34: O | Q34: O | R34: O | S34: O | T34: O
D35: null | G35: O
B36: UnitOfMeasure
D37: "pcs" | F37: O | H37: O | I37: O | K37: O | L37: O | M37: O | N37: O | O37: O | P37: O | S37: O | T37: O
D38: null | G38: O | J38: O
D39: 20 characters string | Q39: O
D40: 21 characters string | R40: O
B41: Description
D42: "Updated description" | F42: O | H42: O | I42: O | J42: O | L42: O | M42: O | N42: O | O42: O | P42: O | Q42: O | R42: O
D43: null | G43: O | K43: O
D44: 50 characters string | S44: O
D45: 51 characters string | T45: O
B46: StatusId
D47: 1 | F47: O | H47: O | I47: O | J47: O | K47: O | L47: O | N47: O | O47: O | P47: O | Q47: O | R47: O | S47: O | T47: O
D48: 9999 | M48: O
D49: null | G49: O
A50: Confirm | B50: Return
D51: T | F51: O | O51: O | Q51: O | S51: O
D52: F | G52: O | H52: O | I52: O | J52: O | K52: O | L52: O | M52: O | N52: O | P52: O | R52: O | T52: O
B53: Exception
D54: InvalidOperationException
B55: Log message
D56: "Expected UpdateRoomFacility to return true for a valid room facility." | F56: O
D57: "Expected UpdateRoomFacility to return false for a null room facility DTO." | G57: O
D58: "Expected UpdateRoomFacility to return false for a non-existent RoomFacilityId." | H58: O
D59: "Expected UpdateRoomFacility to return false when FacilityName is empty." | I59: O
D60: "Expected UpdateRoomFacility to return false when UnitOfMeasure is empty." | J60: O
D61: "Expected UpdateRoomFacility to return false when Description is empty." | K61: O
D62: "Expected UpdateRoomFacility to return false for a non-existent RoomId." | L62: O
D63: "Expected UpdateRoomFacility to return false for a non-existent StatusId." | M63: O
D64: "Simulated DB error" | N64: O
A65: Result | B65: Type(N : Normal, A : Abnormal, B : Boundary) | F65: N | G65: A | H65: A | I65: A | J65: A | K65: A | L65: A | M65: B | N65: A | O65: B | P65: B | Q65: B | R65: B | S65: B | T65: B
B66: Passed/Failed | F66: P | G66: P | H66: P | I66: P | J66: P | K66: P | L66: P | M66: P | N66: P | O66: P | P66: P | Q66: P | R66: P | S66: P | T66: P
B67: Executed Date | F67: 45702 | G67: 45702 | H67: 45702 | I67: 45702 | J67: 45702 | K67: 45702 | L67: 45702 | M67: 45702 | N67: 45702 | O67: 45702 | P67: 45702 | Q67: 45702 | R67: 45702 | S67: 45702 | T67: 45702
B68: Defect ID

Sheet Get Available Facilities
A2: Function Code | C2: Facility - 5 | F2: Function Name | L2: Get Available Facilities
A3: Created By | C3: Nguyễn Thanh Tuấn | F3: Executed By | L3: Nguyễn Thanh Tuấn
A4: Lines of code | C4: 73 | F4: Lack of test cases | L4: 0
A5: Test requirement
A6: Passed | C6: Failed | F6: Untested | L6: N/A/B | O6: Total Test Cases
A7: =COUNTIF(F23:HQ23,"P") | C7: =COUNTIF(F24:HQ24,"F") | F7: =SUM(O7,- A7,- C7) | L7: =COUNTIF(E22:HQ22,"N") | M7: =COUNTIF(E22:HQ22,"A") | N7: =COUNTIF(E22:HQ22,"B") | O7: =COUNTA(E9:HT9)
F9: UTCID01 | G9: UTCID02 | H9: UTCID03
A10: Condition | B10: Precondition
D11: Can connect with SQL Server | F11: O | G11: O
D12: Login with Authorize Account | F12: O | G12: O | H12: O
D13: Have Entry in Database | F13: O | H13: O
D14: No Entry in Database | G14: O
A15: Confirm | B15: Return
D16: Facilities List | F16: O
D17: Null | G17: O
B18: Exception
D19: InvalidOperationException | H19: O
B20: Log message
D21: "Simulated DB error" | H21: O
A22: Result | B22: Type(N : Normal, A : Abnormal, B : Boundary) | F22: N | G22: N | H22: A
B23: Passed/Failed | F23: P | G23: P | H23: P
B24: Executed Date | F24: 45700 | G24: 45700 | H24: 45700
B25: Defect ID

Sheet Get All Facilities
A2: Function Code | C2: Facility - 6 | F2: Function Name | L2: Get All Facilities
A3: Created By | C3: Nguyễn Thanh Tuấn | F3: Executed By | L3: Nguyễn Thanh Tuấn
A4: Lines of code | C4: 71 | F4: Lack of test cases | L4: 0
A5: Test requirement
A6: Passed | C6: Failed | F6: Untested | L6: N/A/B | O6: Total Test Cases
A7: =COUNTIF(F23:HQ23,"P") | C7: =COUNTIF(F24:HQ24,"F") | F7: =SUM(O7,- A7,- C7) | L7: =COUNTIF(E22:HQ22,"N") | M7: =COUNTIF(E22:HQ22,"A") | N7: =COUNTIF(E22:HQ22,"B") | O7: =COUNTA(E9:HT9)
F9: UTCID01 | G9: UTCID02 | H9: UTCID03
A10: Condition | B10: Precondition
D11: Can connect with SQL Server | F11: O | G11: O
D12: Login with Authorize Account | F12: O | G12: O | H12: O
D13: Have Entry in Database | F13: O | H13: O
D14: No Entry in Database | G14: O
A15: Confirm | B15: Return
D16: Facilities List | F16: O
D17: Null | G17: O
B18: Exception
D19: InvalidOperationException | H19: O
B20: Log message
D21: "Simulated DB error" | H21: O
A22: Result | B22: Type(N : Normal, A : Abnormal, B : Boundary) | F22: N | G22: N | H22: A
B23: Passed/Failed | F23: P | G23: P | H23: P
B24: Executed Date | F24: 45700 | G24: 45700 | H24: 45700
B25: Defect ID

Sheet List Contracts
A2: Function Code | C2: ='Function List'!E74 | F2: Function Name | L2: ='Function List'!D74
A3: Created By | C3: Codex | F3: Executed By | L3: Codex (Jest)
A4: Lines of code | C4: 4 | F4: Lack of test cases | L4: 0
A5: Test requirement | C5: Controller-level unit coverage for listContracts based on current NestJS code.
A6: Passed | C6: Failed | F6: Untested | L6: N/A/B | O6: Total Test Cases
A7: =COUNTIF(F23:HQ23,"P") | C7: =COUNTIF(F23:HQ23,"F") | F7: =SUM(O7,- A7,- C7) | L7: =COUNTIF(E22:HQ22,"N") | M7: =COUNTIF(E22:HQ22,"A") | N7: =COUNTIF(E22:HQ22,"B") | O7: =COUNTA(E9:HT9)
F9: UTCID01 | G9: UTCID02 | H9: UTCID03
A10: Condition | B10: Precondition / Input
D11: Authenticated user context available | F11: O | G11: O | H11: O
D12: Service returns one or more contracts | F12: O
D13: Service returns an empty array | G13: O
D14: Service throws an unexpected error | H14: O
A15: Confirm | B15: Expected Output
D16: Return contract list for the authenticated user | F16: O
D17: Return empty array | G17: O
B18: Exception
D19: Propagate service exception | H19: O
B20: Verification
D21: contractsService.listByUser is called with user.id | F21: O | G21: O | H21: O
A22: Result | B22: Type(N : Normal, A : Abnormal, B : Boundary) | F22: N | G22: N | H22: A
B23: Passed/Failed | F23: P | G23: P | H23: P
B24: Executed Date | F24: 46110 | G24: 46110 | H24: 46110
B25: Defect ID

Sheet Fund Milestone
A2: Function Code | C2: ='Function List'!E75 | F2: Function Name | L2: ='Function List'!D75
A3: Created By | C3: Codex | F3: Executed By | L3: Codex (Jest)
A4: Lines of code | C4: 28 | F4: Lack of test cases | L4: 0
A5: Test requirement | C5: Controller-level unit coverage for fundMilestone based on current NestJS code.
A6: Passed | C6: Failed | F6: Untested | L6: N/A/B | O6: Total Test Cases
A7: =COUNTIF(F23:HQ23,"P") | C7: =COUNTIF(F23:HQ23,"F") | F7: =SUM(O7,- A7,- C7) | L7: =COUNTIF(E22:HQ22,"N") | M7: =COUNTIF(E22:HQ22,"A") | N7: =COUNTIF(E22:HQ22,"B") | O7: =COUNTA(E9:HT9)
F9: UTCID01 | G9: UTCID02 | H9: UTCID03
A10: Condition | B10: Precondition / Input
D11: Authenticated user context available | F11: O | G11: O | H11: O
D12: Valid milestoneId, paymentMethodId, and gateway payload | F12: O | G12: O | H12: O
D13: Idempotency-Key header is missing | F13: O
D14: Idempotency-Key header is present | G14: O | H14: O
A15: Confirm | B15: Expected Output
D16: Return { success: true, data: funding result } | G16: O
B18: Exception
D19: Throw/propagate funding error when validation or service call fails | F19: O | H19: O
B20: Verification
D21: milestoneFundingService.fundMilestone receives milestoneId, payerId, paymentMethodId, gateway, and idempotencyKey after header validation | G21: O | H21: O
A22: Result | B22: Type(N : Normal, A : Abnormal, B : Boundary) | F22: A | G22: N | H22: A
B23: Passed/Failed | F23: P | G23: P | H23: P
B24: Executed Date | F24: 46110 | G24: 46110 | H24: 46110
B25: Defect ID

Sheet Audit Spec
A2: Function Code | C2: ='Function List'!E76 | F2: Function Name | L2: ='Function List'!D76
A3: Created By | C3: Codex | F3: Executed By | L3: Codex (Jest)
A4: Lines of code | C4: 15 | F4: Lack of test cases | L4: 0
A5: Test requirement | C5: Controller-level unit coverage for auditSpec based on current NestJS code.
A6: Passed | C6: Failed | F6: Untested | L6: N/A/B | O6: Total Test Cases
A7: =COUNTIF(F23:HQ23,"P") | C7: =COUNTIF(F23:HQ23,"F") | F7: =SUM(O7,- A7,- C7) | L7: =COUNTIF(E22:HQ22,"N") | M7: =COUNTIF(E22:HQ22,"A") | N7: =COUNTIF(E22:HQ22,"B") | O7: =COUNTA(E9:HT9)
F9: UTCID01 | G9: UTCID02 | H9: UTCID03
A10: Condition | B10: Precondition / Input
D11: Authenticated admin/staff user context available | F11: O | G11: O | H11: O
D12: auditDto.action = APPROVE | F12: O
D13: auditDto.action = REJECT with non-empty reason | G13: O
D14: auditDto.action = REJECT without reason | H14: O
A15: Confirm | B15: Expected Output
D16: Call approveSpec and return approved result | F16: O
D17: Call rejectSpec with reason and return rejected result | G17: O
B18: Exception
D19: Throw BadRequestException when REJECT is sent without reason | H19: O
B20: Verification
D21: Only the matching service path is called for each action | F21: O | G21: O | H21: O
A22: Result | B22: Type(N : Normal, A : Abnormal, B : Boundary) | F22: N | G22: N | H22: A
B23: Passed/Failed | F23: P | G23: P | H23: P
B24: Executed Date | F24: 46110 | G24: 46110 | H24: 46110
B25: Defect ID
